Time,Pressure,Position_X,Position_Y,Position_Z
0.0,0,0.0,23.0,-2.7755575615628914e-17
0.01,0.07579,0.010510881411054385,23.004822284383494,-8.110415339962485e-05
0.02,0.15158,0.022742311187310293,23.009887293130618,-0.0001642446926547192
0.03,0.22737,0.034404760947726265,23.014853463002346,-0.00024289861604712137
0.04,0.30316,0.04584318432501716,23.019796592687975,-0.00032149909374723507
0.05,0.37895,0.057298795061087926,23.024736755097898,-0.00039929069131891537
0.060000000000000005,0.45474000000000003,0.06878248733105047,23.029673668593006,-0.000475664272448606
0.07,0.5305300000000001,0.08027637009378175,23.03460600168779,-0.0005507602975188541
0.08,0.6063200000000001,0.0917764462612119,23.039533381595078,-0.0006247073795896396
0.09,0.6821100000000001,0.10328328466265568,23.044455705990494,-0.0006975265208821746
0.09999999999999999,0.7579000000000001,0.11479707906925529,23.04937285487359,-0.0007692250464083616
0.10999999999999999,0.8336900000000002,0.12631759438313384,23.05428468651721,-0.0008398209329932571
0.11999999999999998,0.9094800000000002,0.13784455444211824,23.05919105969297,-0.0009093353846668373
0.12999999999999998,0.9852700000000002,0.14937770984131726,23.06409183804643,-0.0009777889153387564
0.13999999999999999,1.0610600000000001,0.1609168181514274,23.068986889149866,-0.0010452014958781952
0.15,1.1368500000000001,0.1724616354337148,23.073876084048464,-0.0011115929802041902
0.16,1.2126400000000002,0.1840119166153512,23.07875929731267,-0.0011769831553051224
0.17,1.2884300000000002,0.19556741641571807,23.08363640713378,-0.0012413917002158381
0.18000000000000002,1.3642200000000002,0.207127889654245,23.08850729538147,-0.001304838167336314
0.19000000000000003,1.4400100000000002,0.21869309141068616,23.09337184764617,-0.0013673419763889083
0.20000000000000004,1.5158000000000003,0.23026277720832772,23.09822995327665,-0.0014289224086270758
0.21000000000000005,1.5915900000000003,0.24183670321034234,23.103081505412906,-0.0014895985999740513
0.22000000000000006,1.6673800000000003,0.2534146264137763,23.10792640101339,-0.0015493895342337527
0.23000000000000007,1.7431700000000003,0.26499630483901926,23.112764540876626,-0.0016083140365137916
0.24000000000000007,1.8189600000000004,0.27658149771527957,23.117595829657233,-0.0016663907669611233
0.25000000000000006,1.8947500000000004,0.2881699656620793,23.122420175876506,-0.0017236382146949836
0.26000000000000006,1.9705400000000004,0.29976147086639043,23.12723749192752,-0.0017800746919922616
0.2700000000000001,2.04633,0.3113557772550523,23.132047694075126,-0.00183571832868909
0.2800000000000001,2.1221200000000002,0.32295265066228585,23.136850702450598,-0.0018905870669077562
0.2900000000000001,2.1979100000000003,0.33455185899197526,23.141646441041424,-0.0019446986559859825
0.3000000000000001,2.2737000000000003,0.3461531723745075,23.146434837676125,-0.0019980706477082943
0.3100000000000001,2.3494900000000003,0.3577563633179375,23.15121582400438,-0.0020507203917752848
0.3200000000000001,2.4252800000000003,0.36936120685336893,23.155989335472675,-0.0021026650315896234
0.3300000000000001,2.5010700000000003,0.38096748067428776,23.160755311295432,-0.0021539215003212875
0.34000000000000014,2.5768600000000004,0.3925749652697325,23.165513694422078,-0.0022045065171776845
0.35000000000000014,2.6526500000000004,0.40418344405127854,23.17026443150009,-0.002254436584099323
0.36000000000000015,2.7284400000000004,0.41579270347355485,23.175007472834125,-0.002303727982546855
0.37000000000000016,2.8042300000000004,0.4274025331483973,23.179742772341733,-0.0023523967707594073
0.38000000000000017,2.8800200000000005,0.43901272595245133,23.18447028750549,-0.002400458781113779
0.3900000000000002,2.9558100000000005,0.4506230781283028,23.18918997932204,-0.002447929617936856
0.4000000000000002,3.0316000000000005,0.46223338937900804,23.19390181224808,-0.002494824655401906
0.4100000000000002,3.1073900000000005,0.4738434629560952,23.19860575414362,-0.0025411590358644653
0.4200000000000002,3.1831800000000006,0.48545310574106787,23.203301776212584,-0.0025869476683457737
0.4300000000000002,3.2589700000000006,0.4970621283204204,23.20798985294117,-0.002632205227307949
0.4400000000000002,3.3347600000000006,0.5086703450542175,23.21266996203389,-0.0026769461517315296
0.45000000000000023,3.4105500000000006,0.5202775741383396,23.21734208434772,-0.0027211846443240817
0.46000000000000024,3.4863400000000007,0.5318836376604575,23.222006203824527,-0.0027649346711363654
0.47000000000000025,3.5621300000000007,0.5434883616498388,23.22666230742182,-0.0028082099612463385
0.48000000000000026,3.6379200000000007,0.5550915761211112,23.2313103850422,-0.0028510240067607107
0.49000000000000027,3.7137100000000007,0.5666931151121615,23.235950429461568,-0.0028933900630669362
0.5000000000000002,3.7895000000000008,0.578292816716099,23.24058243625634,-0.0029353211492003373
0.5100000000000002,3.865290000000001,0.5898905231077629,23.245206403729828,-0.0029768300484872
0.5200000000000002,3.941080000000001,0.6014860805645752,23.249822332837894,-0.0030179293093818005
0.5300000000000002,4.016870000000001,0.6130793394821945,23.25443022711415,-0.003058631246456167
0.5400000000000003,4.09266,0.6246701543849426,23.259030092594827,-0.0030989479416361765
0.5500000000000003,4.16845,0.6362583839312721,23.26362193774331,-0.0031388912455263818
0.5600000000000003,4.24424,0.6478438909144327,23.26820577337476,-0.0031784727789738176
0.5700000000000003,4.320029999999999,0.6594265422585053,23.272781612580754,-0.0032177039347649206
0.5800000000000003,4.395819999999999,0.6710062090100177,23.277349470654038,-0.003256595879450569
0.5900000000000003,4.471609999999998,0.6825827663253357,23.281909365013803,-0.003295159555356225
0.6000000000000003,4.547399999999998,0.6941560934539509,23.28646131513119,-0.003333405682666435
0.6100000000000003,4.6231899999999975,0.7057260737179365,23.29100534245542,-0.0033713447617214343
0.6200000000000003,4.698979999999997,0.7172925944877553,23.295541470340666,-0.0034089870753236384
0.6300000000000003,4.774769999999997,0.7288555471545634,23.300069723973497,-0.0034463426912594575
0.6400000000000003,4.850559999999996,0.7404148270992312,23.30459013030128,-0.003483421464849673
0.6500000000000004,4.926349999999996,0.7519703336582556,23.309102717961352,-0.003520233041615334
0.6600000000000004,5.002139999999995,0.7635219700868017,23.313607517211423,-0.0035567868600640262
0.6700000000000004,5.077929999999995,0.7750696435189477,23.318104559860643,-0.0035930921545024586
0.6800000000000004,5.1537199999999945,0.7866132649254562,23.32259387920221,-0.003629157957976553
0.6900000000000004,5.229509999999994,0.7981527490691426,23.327075509946745,-0.003664993105234937
0.7000000000000004,5.305299999999994,0.8096880144580323,23.331549488157243,-0.003700606235769177
0.7100000000000004,5.381089999999993,0.8212189832965109,23.33601585118493,-0.003736005796927566
0.7200000000000004,5.456879999999993,0.8327455814346493,23.340474637606746,-0.00377120004705897
0.7300000000000004,5.532669999999992,0.844267738315728,23.344925887163882,-0.0038061970586855953
0.7400000000000004,5.608459999999992,0.8557853869223724,23.3493696407019,-0.003841004721743174
0.7500000000000004,5.684249999999992,0.8672984637211254,23.353805940112068,-0.003875630746834613
0.7600000000000005,5.760039999999991,0.8788069086059402,23.358234828274227,-0.0039100826685109225
0.7700000000000005,5.835829999999991,0.8903106648404167,23.362656349000964,-0.003944367848569025
0.7800000000000005,5.91161999999999,0.9018096789992118,23.367070546983328,-0.003978493479409567
0.7900000000000005,5.98740999999999,0.9133039009084915,23.37147746773789,-0.004012466587302144
0.8000000000000005,6.0631999999999895,0.9247932835857371,23.375877157555294,-0.004046294035795206
0.8100000000000005,6.138989999999989,0.9362777831789671,23.380269663450342,-0.004079982529021642
0.8200000000000005,6.214779999999989,0.9477573589054439,23.38465503311325,-0.00411353861505695
0.8300000000000005,6.290569999999988,0.959231972990016,23.389033314862715,-0.0041469686892423585
0.8400000000000005,6.366359999999988,0.9707015906031897,23.393404557600057,-0.004180278997534093
0.8500000000000005,6.442149999999987,0.9821661797991239,23.39776881076515,-0.00421347563983282
0.8600000000000005,6.517939999999987,0.9936257114533618,23.402126124293336,-0.004246564573247014
0.8700000000000006,6.5937299999999865,1.0050801592007734,23.40647654857417,-0.004279551615444022
0.8800000000000006,6.669519999999986,1.0165294993734886,23.410820134411203,-0.0043124424478711565
0.8900000000000006,6.745309999999986,1.0279737109390061,23.41515693298338,-0.004345242619027578
0.9000000000000006,6.821099999999985,1.0394127754386089,23.419486995807574,-0.004377957547680306
0.9100000000000006,6.896889999999985,1.050846676926033,23.423810374702597,-0.0044105925260474466
0.9200000000000006,6.9726799999999844,1.0622754019065743,23.428127121754507,-0.004443152722988675
0.9300000000000006,7.048469999999984,1.0736989392765972,23.43243728928303,-0.004475643187142081
0.9400000000000006,7.124259999999984,1.0851172802635438,23.436740929809464,-0.004508068849994995
0.9500000000000006,7.200049999999983,1.0965304183665314,23.44103809602569,-0.004540434528990445
0.9600000000000006,7.275839999999983,1.1079383492975075,23.445328840764347,-0.004572744930528255
0.9700000000000006,7.351629999999982,1.1193410709230698,23.44961321697034,-0.004605004652994571
0.9800000000000006,7.427419999999982,1.130738583206953,23.453891277673335,-0.004637218189669917
0.9900000000000007,7.5032099999999815,1.1421308881532402,23.458163075961544,-0.004669389931711537
1.0000000000000007,7.578999999999981,1.1535179897503434,23.462428664956406,-0.004701524170970445
1.0100000000000007,7.654789999999981,1.1648998939157187,23.466688097788584,-0.004733625102875533
1.0200000000000007,7.73057999999998,1.176276608441463,23.470941427574814,-0.004765696829184846
1.0300000000000007,7.80636999999998,1.1876481429406727,23.475188707395848,-0.004797743360781037
1.0400000000000007,7.882159999999979,1.1990145087947062,23.4794299902754,-0.004829768620319946
1.0500000000000007,7.957949999999979,1.2103757191012978,23.483665329160015,-0.004861776444969129
1.0600000000000007,8.033739999999979,1.2217317886235886,23.4878947768999,-0.004893770588964841
1.0700000000000007,8.109529999999978,1.2330827337399983,23.492118386230686,-0.00492575472622056
1.0800000000000007,8.185319999999978,1.2444285723950967,23.496336209755974,-0.004957732452835151
1.0900000000000007,8.261109999999977,1.2557693240513346,23.500548299930863,-0.004989707289602352
1.1000000000000008,8.336899999999977,1.2671050096417513,23.504754709046203,-0.005021682684446138
1.1100000000000008,8.412689999999976,1.278435651523578,23.508955489213704,-0.005053662014791599
1.1200000000000008,8.488479999999976,1.289761273432844,23.513150692351818,-0.00508564858994498
1.1300000000000008,8.564269999999976,1.301081900439841,23.517340370172334,-0.005117645653405639
1.1400000000000008,8.640059999999975,1.3123975589056243,23.52152457416772,-0.005149656385057488
1.1500000000000008,8.715849999999975,1.323708276439412,23.525703355599184,-0.005181683903509898
1.1600000000000008,8.791639999999974,1.3350140818568763,23.52987676548538,-0.005213731268129462
1.1700000000000008,8.867429999999974,1.34631500513951,23.534044854591777,-0.005245801481294665
1.1800000000000008,8.943219999999974,1.3576110773947871,23.538207673420636,-0.0052778974903751885
1.1900000000000008,9.019009999999973,1.3689023308173205,23.54236527220168,-0.005310022189845165
1.2000000000000008,9.094799999999973,1.380188798650937,23.546517700883182,-0.00534217842323953
1.2100000000000009,9.170589999999972,1.3914705151516504,23.55066500912382,-0.0053743689851359355
1.2200000000000009,9.246379999999972,1.4027475155515625,23.554807246284856,-0.005406596623068083
1.2300000000000009,9.322169999999971,1.4140198360236258,23.55894446142308,-0.005438864039353758
1.2400000000000009,9.397959999999971,1.4252875136473415,23.56307670328399,-0.005471173892979214
1.2500000000000009,9.47374999999997,1.4365505863752828,23.56720402029564,-0.005503528801367064
1.260000000000001,9.54953999999997,1.4478090930005094,23.57132646056293,-0.005535931342129485
1.270000000000001,9.62532999999997,1.4590630731248482,23.575444071862222,-0.005568384054759901
1.280000000000001,9.70111999999997,1.4703125671279678,23.579556901636522,-0.005600889442319984
1.290000000000001,9.776909999999969,1.481557616137351,23.583664996990983,-0.00563344997307999
1.300000000000001,9.852699999999968,1.4927982619990197,23.587768404688852,-0.005666068082112952
1.310000000000001,9.928489999999968,1.5040345472491192,23.591867171147666,-0.005698746172822067
1.320000000000001,10.004279999999968,1.515266515086203,23.595961342436038,-0.005731486618492904
1.330000000000001,10.080069999999967,1.5264942093444183,23.600050964270586,-0.0057642917637742985
1.340000000000001,10.155859999999967,1.5377176744673466,23.6041360820132,-0.005797163926111182
1.350000000000001,10.231649999999966,1.5489369554826335,23.608216740668787,-0.005830105397191004
1.360000000000001,10.307439999999966,1.5601520979773864,23.61229298488311,-0.005863118444269122
1.370000000000001,10.383229999999966,1.571363148074212,23.61636485894107,-0.0058962053115823865
1.380000000000001,10.459019999999965,1.5825701524080453,23.62043240676514,-0.005929368221619269
1.390000000000001,10.534809999999965,1.5937731581035866,23.62449567191417,-0.005962609376407496
1.400000000000001,10.610599999999964,1.6049722127535078,23.628554697582373,-0.005995930958776818
1.410000000000001,10.686389999999964,1.6161673643972325,23.63260952659852,-0.006029335133587527
1.420000000000001,10.762179999999963,1.627358661500429,23.636660201425475,-0.006062824048867543
1.430000000000001,10.837969999999963,1.6385461529350942,23.64070676415978,-0.006096399837060257
1.440000000000001,10.913759999999963,1.6497298879602762,23.64474925653159,-0.006130064616052949
1.450000000000001,10.989549999999962,1.6609099162034462,23.648787719904757,-0.006163820490356103
1.460000000000001,11.065339999999962,1.672086287642366,23.652822195277047,-0.006197669552148566
1.470000000000001,11.141129999999961,1.6832590525876172,23.656852723280547,-0.0062316138823196865
1.480000000000001,11.216919999999961,1.694428261665659,23.66087934418232,-0.006265655551495414
1.490000000000001,11.29270999999996,1.7055939658024382,23.664902097885083,-0.006299796621032305
1.500000000000001,11.36849999999996,1.7167562162075822,23.66892102392819,-0.006334039143996412
1.5100000000000011,11.44428999999996,1.7279150643590304,23.672936161488565,-0.006368385166092089
1.5200000000000011,11.52007999999996,1.7390705619882862,23.67694754938194,-0.006402836726567607
1.5300000000000011,11.595869999999959,1.7502227610660412,23.680955226064132,-0.006437395859158368
1.5400000000000011,11.671659999999958,1.761371713788392,23.68495922963242,-0.0064720645929127185
1.5500000000000012,11.747449999999958,1.7725174725635298,23.68895959782708,-0.006506844953041241
1.5600000000000012,11.823239999999958,1.783660089998794,23.692956368033055,-0.006541738961797827
1.5700000000000012,11.899029999999957,1.79479961888828,23.696949577281597,-0.006576748639232133
1.5800000000000012,11.974819999999957,1.8059361122008344,23.7009392622521,-0.006611876003991435
1.5900000000000012,12.050609999999956,1.8170696230684769,23.70492545927405,-0.006647123074074335
1.6000000000000012,12.126399999999956,1.8282002047753094,23.708908204328935,-0.006682491867609636
1.6100000000000012,12.202189999999955,1.8393279107466665,23.71288753305229,-0.006717984403542876
1.6200000000000012,12.277979999999955,1.8504527945388443,23.71686348073591,-0.006753602702344513
1.6300000000000012,12.353769999999955,1.8615749098291166,23.720836082329924,-0.00678934878675827
1.6400000000000012,12.429559999999954,1.8726943104061209,23.724805372445108,-0.006825224682372261
1.6500000000000012,12.505349999999954,1.8838110501606353,23.728771385355152,-0.006861232418349655
1.6600000000000013,12.581139999999953,1.8949251830766887,23.73273415499903,-0.0068973740280140194
1.6700000000000013,12.656929999999953,1.906036763223031,23.73669371498339,-0.0069336515495074524
1.6800000000000013,12.732719999999953,1.9171458447449283,23.740650098585014,-0.0069700670263639075
1.6900000000000013,12.808509999999952,1.9282524818562579,23.744603338753265,-0.0070066225081044375
1.7000000000000013,12.884299999999952,1.9393567288319646,23.748553468112632,-0.007043320050810847
1.7100000000000013,12.960089999999951,1.9504586400007908,23.752500518965277,-0.007080161717683553
1.7200000000000013,13.03587999999995,1.9615582697382907,23.75644452329361,-0.007117149579557697
1.7300000000000013,13.11166999999995,1.972655672460177,23.760385512762873,-0.007154285715477077
1.7400000000000013,13.18745999999995,1.9837509026159035,23.7643235187238,-0.007191572213143427
1.7500000000000013,13.26324999999995,1.9948440146825517,23.768258572215288,-0.0072290111694789105
1.7600000000000013,13.33903999999995,2.005935063158942,23.77219070396698,-0.007266604691093997
1.7700000000000014,13.414829999999949,2.017024102560044,23.77611994440204,-0.007304354894726167
1.7800000000000014,13.490619999999948,2.0281111874116133,23.7800463236398,-0.007342263907735541
1.7900000000000014,13.566409999999948,2.0391963722450765,23.78396987149848,-0.007380333868564681
1.8000000000000014,13.642199999999947,2.0502797115926263,23.78789061749785,-0.0074185669271450705
1.8100000000000014,13.717989999999947,2.061361259982583,23.79180859086208,-0.007456965245336594
1.8200000000000014,13.793779999999947,2.0724410719349233,23.795723820522312,-0.0074955309973319395
1.8300000000000014,13.869569999999946,2.0835192019571025,23.7996363351195,-0.0075342663701069845
1.8400000000000014,13.945359999999946,2.094595704539994,23.803546163007077,-0.00757317356376444
1.8500000000000014,14.021149999999945,2.105670634154096,23.807453332253722,-0.007612254791919376
1.8600000000000014,14.096939999999945,2.1167440452458814,23.811357870646056,-0.007651512282123796
1.8700000000000014,14.172729999999945,2.1278159922343884,23.81525980569136,-0.007690948276169868
1.8800000000000014,14.248519999999944,2.138886529507923,23.819159164620324,-0.007730565030481307
1.8900000000000015,14.324309999999944,2.149955711421063,23.82305597438973,-0.007770364816477721
1.9000000000000015,14.400099999999943,2.16102359229167,23.82695026168515,-0.007810349920852777
1.9100000000000015,14.475889999999943,2.1720902263981925,23.83084205292363,-0.007850522645952929
1.9200000000000015,14.551679999999942,2.183155667977078,23.834731374256435,-0.007890885310096463
1.9300000000000015,14.627469999999942,2.1942199712203716,23.838618251571617,-0.007931440247866794
1.9400000000000015,14.703259999999942,2.2052831902734074,23.84250271049674,-0.00797218981043335
1.9500000000000015,14.779049999999941,2.216345379232722,23.846384776401507,-0.008013136365838697
1.9600000000000015,14.85483999999994,2.227406592144031,23.85026447440041,-0.008054282299308102
1.9700000000000015,14.93062999999994,2.238466883000465,23.854141829355292,-0.008095630013519983
1.9800000000000015,15.00641999999994,2.249526305740744,23.858016865877985,-0.008137181928868475
1.9900000000000015,15.08220999999994,2.2605849142477057,23.8618896083329,-0.008178940483778985
2.0000000000000013,15.157999999999939,2.2716427623467514,23.86576008083952,-0.00822090813494139
2.010000000000001,15.233789999999939,2.2826999038045956,23.86962830727506,-0.008263087357547189
2.020000000000001,15.309579999999938,2.2937563923279822,23.8734943112769,-0.008305480645607877
2.0300000000000007,15.385369999999938,2.3048122815626018,23.877358116245148,-0.008348090512116324
2.0400000000000005,15.461159999999937,2.3158676250921113,23.881219745345078,-0.008390919489379839
2.0500000000000003,15.536949999999937,2.3269224764372067,23.885079221509656,-0.00843397012919328
2.06,15.612739999999937,2.337976889054856,23.88893656744194,-0.008477245003057715
2.07,15.688529999999936,2.349030916337591,23.89279180561755,-0.008520746702487675
2.0799999999999996,15.764319999999936,2.360084611612969,23.896644958287027,-0.008564477839119566
2.0899999999999994,15.840109999999935,2.371138028142992,23.90049604747826,-0.008608441045030418
2.099999999999999,15.915899999999935,2.38219121912375,23.904345094998817,-0.008652638972882987
2.109999999999999,15.991689999999934,2.39324423768507,23.908192122438315,-0.008697074296163843
2.1199999999999988,16.067479999999936,2.4042971368903268,23.912037151170715,-0.008741749709359037
2.1299999999999986,16.143269999999937,2.415349969736206,23.915880202356615,-0.008786667928199154
2.1399999999999983,16.21905999999994,2.4264027891526747,23.91972129694556,-0.008831831689791625
2.149999999999998,16.29484999999994,2.437455648002964,23.923560455678228,-0.008877243752866082
2.159999999999998,16.37063999999994,2.448508599083657,23.9273976990887,-0.008922906897921135
2.1699999999999977,16.446429999999943,2.459561695124826,23.93123304750668,-0.008968823927414465
2.1799999999999975,16.522219999999944,2.4706149887901945,23.935066521059618,-0.00901499766600164
2.1899999999999973,16.598009999999945,2.481668532677493,23.938898139674897,-0.009061430960604189
2.199999999999997,16.673799999999947,2.492722379318727,23.942727923082014,-0.009108126680663076
2.209999999999997,16.749589999999948,2.5037765811806256,23.946555890814558,-0.00915508771830656
2.2199999999999966,16.82537999999995,2.5148311906650864,23.950382062212448,-0.009202316988462855
2.2299999999999964,16.90116999999995,2.5258862601097336,23.95420645642385,-0.009249817429081097
2.239999999999996,16.976959999999952,2.5369418417884133,23.958029092407386,-0.009297592001257099
2.249999999999996,17.052749999999953,2.5479979879119075,23.961849988933935,-0.009345643689408462
2.259999999999996,17.128539999999955,2.5590547506285874,23.965669164588817,-0.0093939755014113
2.2699999999999956,17.204329999999956,2.5701121820251287,23.96948663777365,-0.00944259046881299
2.2799999999999954,17.280119999999958,2.581170334127339,23.973302426708322,-0.009491491646876515
2.289999999999995,17.35590999999996,2.592229258900966,23.977116549432882,-0.009540682114830473
2.299999999999995,17.43169999999996,2.603289008252566,23.9809290238095,-0.009590164975964821
2.3099999999999947,17.50748999999996,2.6143496340304377,23.98473986752426,-0.009639943357795
2.3199999999999945,17.583279999999963,2.625411188025571,23.98854909808911,-0.009690020412161104
2.3299999999999943,17.659069999999964,2.6364737219727186,23.992356732843554,-0.009740399315458559
2.339999999999994,17.734859999999966,2.6475372875513523,23.996162788956518,-0.009791083268674394
2.349999999999994,17.810649999999967,2.658601936386784,23.999967283428216,-0.009842075497575598
2.3599999999999937,17.88643999999997,2.6696677200513177,24.00377023309174,-0.009893379252863183
2.3699999999999934,17.96222999999997,2.680734690065375,24.007571654614893,-0.009944997810250211
2.3799999999999932,18.03801999999997,2.691802897898679,24.0113715645019,-0.009996934470652141
2.389999999999993,18.113809999999972,2.702872394971525,24.01516997909507,-0.01004919256025999
2.399999999999993,18.189599999999974,2.7139432326560056,24.018966914576414,-0.010101775430720938
2.4099999999999926,18.265389999999975,2.725015462277305,24.022762386969397,-0.01015468645922421
2.4199999999999924,18.341179999999977,2.736089135115053,24.026556412140458,-0.010207929048672293
2.429999999999992,18.416969999999978,2.7471643024046197,24.03034900580066,-0.010261506627747052
2.439999999999992,18.49275999999998,2.7582410153385606,24.034140183507226,-0.010315422651087897
2.4499999999999917,18.56854999999998,2.769319325067954,24.03792996066513,-0.010369680599383202
2.4599999999999915,18.644339999999982,2.7803992827039066,24.041718352528598,-0.010424283979509702
2.4699999999999913,18.720129999999983,2.7914809393190088,24.045505374202648,-0.010479236324628272
2.479999999999991,18.795919999999985,2.8025643459487126,24.04929104064455,-0.010534541194319735
2.489999999999991,18.871709999999986,2.8136495535929917,24.05307536666524,-0.010590202174749763
2.4999999999999907,18.947499999999987,2.824736613217791,24.05685836693096,-0.010646222878665068
2.5099999999999905,19.02328999999999,2.8358255757565836,24.060640055964395,-0.010702606945655446
2.5199999999999902,19.09907999999999,2.846916492111963,24.06442044814635,-0.010759358042147033
2.52999999999999,19.17486999999999,2.858009413157254,24.068199557716937,-0.010816479861617073
2.53999999999999,19.250659999999993,2.8691043897380957,24.071977398777033,-0.010873976124633117
2.5499999999999896,19.326449999999994,2.8802014726741563,24.0757539852896,-0.010931850578999702
2.5599999999999894,19.402239999999995,2.8913007127606702,24.07952933108102,-0.010990106999908739
2.569999999999989,19.478029999999997,2.902402160770248,24.083303449842354,-0.0110487491899664
2.579999999999989,19.553819999999998,2.9135058674544876,24.087076355130634,-0.01110778097937129
2.5899999999999888,19.62961,2.9246118835456762,24.0908480603702,-0.011167206226039589
2.5999999999999885,19.7054,2.9357202597586327,24.094618578853826,-0.01122702881565954
2.6099999999999883,19.781190000000002,2.9468310467922842,24.098387923744045,-0.01128725266184058
2.619999999999988,19.856980000000004,2.957944295331604,24.10215610807425,-0.011347881706218282
2.629999999999988,19.932770000000005,2.969060056049255,24.105923144749994,-0.011408919918554389
2.6399999999999877,20.008560000000006,2.980178379607449,24.109689046550045,-0.01147037129687492
2.6499999999999875,20.084350000000008,2.9912993166597515,24.113453826127632,-0.011532239867571847
2.6599999999999873,20.16014000000001,3.0024229178529005,24.11721749601148,-0.011594529685486382
2.669999999999987,20.23593000000001,3.0135492338286154,24.120980068606993,-0.01165724483404551
2.679999999999987,20.31172000000001,3.0246783152254877,24.1247415561973,-0.011720389425381617
2.6899999999999866,20.387510000000013,3.035810212680837,24.128501970944356,-0.011783967600416556
2.6999999999999864,20.463300000000014,3.0469449768325516,24.132261324889967,-0.011847983528991468
2.709999999999986,20.539090000000016,3.058082658321018,24.136019629956884,-0.011912441409965696
2.719999999999986,20.614880000000017,3.0692233077910136,24.139776897949748,-0.011977345471337608
2.7299999999999858,20.69067000000002,3.0803669758935905,24.143533140556166,-0.012042699970358534
2.7399999999999856,20.76646000000002,3.0915137132880464,24.14728836934762,-0.01210850919362863
2.7499999999999853,20.84225000000002,3.102663570643852,24.15104259578051,-0.0121747774572111
2.759999999999985,20.918040000000023,3.1138165986425554,24.154795831197056,-0.012241509106759668
2.769999999999985,20.993830000000024,3.124972847979776,24.15854808682624,-0.012308708517611316
2.7799999999999847,21.069620000000025,3.1361323693671563,24.16229937378479,-0.01237638009491926
2.7899999999999845,21.145410000000027,3.1472952135344148,24.166049703077917,-0.012444528273716532
2.7999999999999843,21.221200000000028,3.1584614312311916,24.16979908560041,-0.012513157519119494
2.809999999999984,21.29699000000003,3.1696310732291932,24.173547532137327,-0.012582272326316785
2.819999999999984,21.37278000000003,3.1808041903240682,24.177295053364976,-0.012651877220818786
2.8299999999999836,21.448570000000032,3.1919808333375865,24.181041659851658,-0.012721976758434478
2.8399999999999834,21.524360000000033,3.203161053119543,24.184787362058547,-0.012792575525514133
2.849999999999983,21.600150000000035,3.214344900549788,24.188532170340466,-0.01286367813896555
2.859999999999983,21.675940000000036,3.225532426540391,24.192276094946678,-0.01293528924640025
2.869999999999983,21.751730000000038,3.23672368203757,24.196019146021683,-0.013007413526274908
2.8799999999999826,21.82752000000004,3.247918718023864,24.199761333605963,-0.013080055687985842
2.8899999999999824,21.90331000000004,3.2591175855201198,24.20350266763672,-0.013153220471955912
2.899999999999982,21.97910000000004,3.270320335587634,24.207243157948596,-0.013226912649803413
2.909999999999982,22.054890000000043,3.2815270193302375,24.210982814274402,-0.013301137024423954
2.9199999999999817,22.130680000000044,3.2927376878963486,24.21472164624584,-0.013375898430141614
2.9299999999999815,22.206470000000046,3.303952392481161,24.21845966339416,-0.01345120173277184
2.9399999999999813,22.282260000000047,3.3151711843286895,24.222196875150793,-0.013527051829800185
2.949999999999981,22.35805000000005,3.3263941147339393,24.225933290848083,-0.013603453650438413
2.959999999999981,22.43384000000005,3.337621235045045,24.2296689197199,-0.013680412155831545
2.9699999999999807,22.50963000000005,3.3488525966653846,24.233403770902232,-0.013757932339093726
2.9799999999999804,22.585420000000052,3.360088251055765,24.23713785343385,-0.013836019225461377
2.9899999999999802,22.661210000000054,3.3713282497365524,24.240871176256857,-0.013914677872444436
2.99999999999998,22.737000000000055,3.3825726442898434,24.244603748217315,-0.013993913369900912
3.00999999999998,22.812790000000057,3.393821486361679,24.248335578065834,-0.014073730840184151
3.0199999999999796,22.888580000000058,3.4050748276641984,24.25206667445803,-0.014154135438282173
3.0299999999999794,22.96437000000006,3.4163327199778277,24.255797045955212,-0.014235132351910956
3.039999999999979,23.04016000000006,3.427595215153505,24.259526701024797,-0.01431672680164503
3.049999999999979,23.115950000000062,3.4388623651148587,24.263255648040854,-0.014398924041094135
3.0599999999999787,23.191740000000063,3.450134221860476,24.26698389528469,-0.014481729356952161
3.0699999999999785,23.267530000000065,3.461410837466108,24.270711450945207,-0.014565148069210887
3.0799999999999783,23.343320000000066,3.4726922640868443,24.274438323119526,-0.014649185531175946
3.089999999999978,23.419110000000067,3.4839785539594903,24.27816451981331,-0.014733847129730443
3.099999999999978,23.49490000000007,3.495269759404651,24.281890048941335,-0.014819138285389527
3.1099999999999777,23.57069000000007,3.506565932829178,24.285614918327845,-0.014905064452408356
3.1199999999999775,23.64648000000007,3.5178671267282966,24.28933913570706,-0.014991631118992238
3.1299999999999772,23.722270000000073,3.529173393687894,24.293062708723525,-0.015078843807383446
3.139999999999977,23.798060000000074,3.540484786386913,24.29678564493253,-0.015166708073967833
3.149999999999977,23.873850000000076,3.551801357599549,24.30050795180052,-0.015255229509508056
3.1599999999999766,23.949640000000077,3.563123160197586,24.304229636705458,-0.015344413739182328
3.1699999999999764,24.025430000000078,3.574450247152708,24.307950706937213,-0.0154342664227545
3.179999999999976,24.10122000000008,3.585782671538809,24.311671169697842,-0.01552479325474862
3.189999999999976,24.17701000000008,3.597120486534391,24.315391032102035,-0.015615999964539107
3.1999999999999758,24.252800000000082,3.608463745424774,24.3191103011774,-0.01570789231650449
3.2099999999999755,24.328590000000084,3.6198125016046,24.322828983864714,-0.015800476110223033
3.2199999999999753,24.404380000000085,3.6311668085800557,24.32654708701837,-0.015893757180521523
3.229999999999975,24.480170000000086,3.642526719971328,24.330264617406534,-0.015987741397716415
3.239999999999975,24.555960000000088,3.6538922895149932,24.333981581711498,-0.0160824346676893
3.2499999999999747,24.63175000000009,3.6652635710663035,24.33769798652997,-0.01617784293205754
3.2599999999999745,24.70754000000009,3.676640618601692,24.341413838373267,-0.016273972168368483
3.2699999999999743,24.783330000000092,3.68802348622114,24.345129143667606,-0.01637082839015183
3.279999999999974,24.859120000000093,3.69941222815058,24.348843908754333,-0.016468417647158784
3.289999999999974,24.934910000000094,3.710806898744322,24.352558139890167,-0.016566746025499457
3.2999999999999736,25.010700000000096,3.7222075524875557,24.35627184324735,-0.01666581964773542
3.3099999999999734,25.086490000000097,3.733614243998713,24.359985024913936,-0.016765644673134045
3.319999999999973,25.1622800000001,3.7450270280319833,24.363697690893908,-0.01686622729773543
3.329999999999973,25.2380700000001,3.7564459594797484,24.36740984710741,-0.016967573754539
3.3399999999999728,25.3138600000001,3.7678710933750983,24.37112149939086,-0.01706969031371297
3.3499999999999726,25.389650000000103,3.779302484894312,24.374832653497183,-0.017172583282682674
3.3599999999999723,25.465440000000104,3.7907401893593113,24.37854331509589,-0.01727625900631935
3.369999999999972,25.541230000000105,3.802184262240285,24.382253489773227,-0.017380723867130105
3.379999999999972,25.617020000000107,3.8136347591580897,24.385963183032313,-0.01748598428537787
3.3899999999999717,25.692810000000108,3.8250917358868666,24.389672400293275,-0.01759204671927664
3.3999999999999715,25.76860000000011,3.8365552483565626,24.393381146893322,-0.017698917665185665
3.4099999999999713,25.84439000000011,3.8480253526555397,24.397089428086773,-0.0178066036576974
3.419999999999971,25.920180000000112,3.8595021050330143,24.400797249045276,-0.01791511126989742
3.429999999999971,25.995970000000113,3.8709855619017963,24.40450461485778,-0.018024447113485276
3.4399999999999706,26.071760000000115,3.8824757798408562,24.4082115305306,-0.01813461783896239
3.4499999999999704,26.147550000000116,3.893972815597813,24.411918000987495,-0.018245630135814372
3.45999999999997,26.223340000000118,3.9054767260917145,24.41562403106969,-0.01835749073268242
3.46999999999997,26.29913000000012,3.9169875684155895,24.41932962553591,-0.018470206397542543
3.47999999999997,26.37492000000012,3.928505399839119,24.423034789062356,-0.01858378393789545
3.4899999999999696,26.45071000000012,3.9400302778112866,24.42673952624278,-0.01869823020092365
3.4999999999999694,26.526500000000123,3.9515622599630333,24.43044384158842,-0.018813552073716017
3.509999999999969,26.602290000000124,3.9631014041100405,24.434147739528004,-0.01892975648343853
3.519999999999969,26.678080000000126,3.9746477682553056,24.437851224407716,-0.019046850397494652
3.5299999999999687,26.753870000000127,3.986201410591989,24.44155430049115,-0.01916484082373679
3.5399999999999685,26.82966000000013,3.9977623895060246,24.44525697195931,-0.019283734810704584
3.5499999999999683,26.90545000000013,4.009330763578947,24.448959242910483,-0.019403539447714502
3.559999999999968,26.98124000000013,4.02090659159062,24.452661117360208,-0.01952426186515921
3.569999999999968,27.057030000000132,4.032489932522049,24.456362599241174,-0.019645909234662307
3.5799999999999677,27.132820000000134,4.04408084555811,24.460063692403175,-0.01976848876924006
3.5899999999999674,27.208610000000135,4.055679390090454,24.4637644006129,-0.019892007723559535
3.5999999999999672,27.284400000000137,4.0672856257202055,24.46746472755396,-0.020016473394145057
3.609999999999967,27.360190000000138,4.0788996122609005,24.47116467682666,-0.020141893119547255
3.619999999999967,27.43598000000014,4.0905214097412905,24.474864251947928,-0.020268274280556248
3.6299999999999666,27.51177000000014,4.1021510784082835,24.47856345635109,-0.020395624300422743
3.6399999999999664,27.587560000000142,4.113788678729758,24.4822622933858,-0.02052395064509252
3.649999999999966,27.663350000000143,4.125434271397436,24.485960766317845,-0.02065326082337149
3.659999999999966,27.739140000000145,4.137087917329927,24.489658878328946,-0.02078356238715212
3.6699999999999657,27.814930000000146,4.148749677675596,24.493356632516544,-0.020914862931727368
3.6799999999999655,27.890720000000147,4.160419613815501,24.497054031893718,-0.021047170095825768
3.6899999999999653,27.96651000000015,4.172097787366418,24.50075107938885,-0.021180491562016124
3.699999999999965,28.04230000000015,4.1837842601838044,24.504447777845435,-0.021314835056836512
3.709999999999965,28.11809000000015,4.195479094364802,24.508144130021904,-0.021450208351014743
3.7199999999999647,28.193880000000153,4.207182352251314,24.51184013859133,-0.02158661925979169
3.7299999999999645,28.269670000000154,4.218894096433,24.515535806141166,-0.021724075643020757
3.7399999999999642,28.345460000000156,4.2306143897504,24.51923113517303,-0.021862585405509477
3.749999999999964,28.421250000000157,4.242343295297947,24.52292612810237,-0.02200215649721876
3.759999999999964,28.49704000000016,4.254080876427151,24.526620787258256,-0.0221427969134948
3.7699999999999636,28.57283000000016,4.265827196749673,24.530315114882995,-0.022284514695327884
3.7799999999999634,28.64862000000016,4.277582320140528,24.534009113131866,-0.02242731792957517
3.789999999999963,28.724410000000162,4.289346310741227,24.53770278407282,-0.02257121474923507
3.799999999999963,28.800200000000164,4.301119232962911,24.5413961296861,-0.0227162133337091
3.8099999999999627,28.875990000000165,4.312901151489641,24.545089151863937,-0.022862321908985128
3.8199999999999625,28.951780000000166,4.324692131281645,24.54878185241021,-0.023009548747988023
3.8299999999999623,29.027570000000168,4.3364922375784625,24.552474233040016,-0.023157902170757444
3.839999999999962,29.10336000000017,4.348301535902333,24.55616629537935,-0.023307390544751866
3.849999999999962,29.17915000000017,4.360120092061457,24.559858040964716,-0.023458022285130803
3.8599999999999617,29.254940000000172,4.371947972153334,24.563549471242702,-0.023609805854943072
3.8699999999999615,29.330730000000173,4.383785242568015,24.5672405875696,-0.02376274976552778
3.8799999999999613,29.406520000000175,4.39563196999161,24.570931391210934,-0.023916862576639303
3.889999999999961,29.482310000000176,4.407488221409605,24.574621883341088,-0.02407215289681172
3.899999999999961,29.558100000000177,4.4193540641102675,24.57831206504285,-0.024228629383647032
3.9099999999999606,29.63389000000018,4.4312295656881595,24.582001937306906,-0.024386300744069528
3.9199999999999604,29.70968000000018,4.4431147940474975,24.585691501031405,-0.024545175734566965
3.92999999999996,29.78547000000018,4.4550098174057435,24.58938075702151,-0.024705263161582197
3.93999999999996,29.861260000000183,4.466914704297084,24.593069705988846,-0.024866571881720284
3.9499999999999598,29.937050000000184,4.478829523575941,24.59675834855105,-0.025029110802081728
3.9599999999999596,30.012840000000185,4.490754344420582,24.600446685231198,-0.02519288888053514
3.9699999999999593,30.088630000000187,4.502689236336724,24.604134716457327,-0.025357915126100083
3.979999999999959,30.164420000000188,4.514634269161119,24.607822442561883,-0.02552419859907326
3.989999999999959,30.24021000000019,4.526589513065224,24.611509863781144,-0.025691748411587945
3.9999999999999587,30.31600000000019,4.538555038558895,24.615196980254666,-0.025860573727693265
4.009999999999959,30.391790000000192,4.550530916494039,24.61888379202475,-0.02603068376381351
4.019999999999959,30.467580000000194,4.562517218068434,24.62257029903575,-0.026202087789017114
4.0299999999999585,30.543370000000195,4.574514014829458,24.626256501133604,-0.026374795125338413
4.039999999999958,30.619160000000196,4.586521378677784,24.629942398065083,-0.026548815148154437
4.049999999999958,30.694950000000198,4.598539381871374,24.633627989477255,-0.026724157286400985
4.059999999999958,30.7707400000002,4.610568097029236,24.637313274916828,-0.026900831023055932
4.069999999999958,30.8465300000002,4.622607597135274,24.64099825382945,-0.027078845895354836
4.079999999999957,30.9223200000002,4.634657955542329,24.64468292555909,-0.02725821149520527
4.089999999999957,30.998110000000203,4.646719245975985,24.648367289347355,-0.027438937469518893
4.099999999999957,31.073900000000204,4.658791542538641,24.65205134433275,-0.027621033520546623
4.109999999999957,31.149690000000206,4.670874919713514,24.655735089550017,-0.027804509406233135
4.119999999999957,31.225480000000207,4.682969452368596,24.659418523929403,-0.02798937494061246
4.129999999999956,31.30127000000021,4.695075215760873,24.6631016462959,-0.02817563999410888
4.139999999999956,31.37706000000021,4.707192285540298,24.666784455368585,-0.02836331449395396
4.149999999999956,31.45285000000021,4.719320737754103,24.670466949759664,-0.028552408424566023
4.159999999999956,31.528640000000212,4.731460648850745,24.674149127973955,-0.028742931827874102
4.1699999999999555,31.604430000000214,4.743612095684362,24.677830988407848,-0.028934894803769734
4.179999999999955,31.680220000000215,4.755775155518878,24.68151252934868,-0.029128307510401158
4.189999999999955,31.756010000000217,4.767949906032337,24.68519374897386,-0.029323180164655738
4.199999999999955,31.831800000000218,4.780136425321205,24.688874645349973,-0.029519523042512902
4.209999999999955,31.90759000000022,4.792334791904803,24.692555216431998,-0.02971734647944127
4.2199999999999545,31.98338000000022,4.804545084729607,24.696235460062496,-0.029916660870789896
4.229999999999954,32.05917000000022,4.816767383173766,24.699915373970533,-0.03011747667224285
4.239999999999954,32.13496000000022,4.829001767051515,24.70359495577103,-0.030319804400189193
4.249999999999954,32.21075000000022,4.841248316617744,24.707274202963692,-0.030523654632172964
4.259999999999954,32.286540000000215,4.853507112572554,24.71095311293215,-0.03072903800729118
4.269999999999953,32.36233000000021,4.865778236065845,24.714631682943004,-0.030935965226650153
4.279999999999953,32.43812000000021,4.87806176870189,24.71830991014482,-0.031144447053784496
4.289999999999953,32.51391000000021,4.890357792544126,24.72198779156728,-0.031354494315090936
4.299999999999953,32.58970000000021,4.902666390119839,24.725665324120058,-0.031566117900274665
4.3099999999999525,32.665490000000204,4.914987644424876,24.729342504591912,-0.031779328762837816
4.319999999999952,32.7412800000002,4.9273216389284915,24.733019329649608,-0.03199413792047437
4.329999999999952,32.8170700000002,4.939668457578234,24.736695795836923,-0.03221055645559512
4.339999999999952,32.8928600000002,4.952028184804815,24.740371899573546,-0.03242859551573493
4.349999999999952,32.968650000000196,4.964400905527034,24.744047637154043,-0.03264826631406845
4.3599999999999515,33.04444000000019,4.976786705156806,24.74772300474678,-0.03286958012987956
4.369999999999951,33.12023000000019,4.989185669604205,24.751397998392772,-0.03309254830903202
4.379999999999951,33.19602000000019,5.001597885282447,24.755072614004558,-0.03331718226449085
4.389999999999951,33.27181000000019,5.014023439113181,24.75874684736518,-0.03354349347676647
4.399999999999951,33.347600000000185,5.026462418531558,24.762420694126803,-0.033771493494487104
4.40999999999995,33.42339000000018,5.038914911491503,24.766094149809792,-0.03400119393483014
4.41999999999995,33.49918000000018,5.051381006470985,24.76976720980129,-0.03423260648413859
4.42999999999995,33.57497000000018,5.063860792477361,24.773439869354178,-0.03446574289830576
4.43999999999995,33.650760000000176,5.076354359052744,24.77711212358573,-0.03470061500345417
4.4499999999999496,33.726550000000174,5.088861796279424,24.780783967476435,-0.03493723469635096
4.459999999999949,33.80234000000017,5.1013831947854165,24.784455395868655,-0.03517561394502086
4.469999999999949,33.87813000000017,5.113918645749978,24.78812640346542,-0.03541576478923911
4.479999999999949,33.95392000000017,5.1264682409091495,24.791796984829027,-0.03565769934113669
4.489999999999949,34.029710000000165,5.139032072561475,24.795467134379813,-0.03590142978573804
4.4999999999999485,34.10550000000016,5.151610233573704,24.799136846394685,-0.0361469683815252
4.509999999999948,34.18129000000016,5.164202817386579,24.802806115005865,-0.03639432746100005
4.519999999999948,34.25708000000016,5.176809918020561,24.806474934199443,-0.036643519431317606
4.529999999999948,34.332870000000156,5.1894316300818115,24.810143297813955,-0.03689455677483372
4.539999999999948,34.408660000000154,5.20206804876811,24.813811199538957,-0.0371474520497021
4.549999999999947,34.48445000000015,5.214719269874893,24.817478632913605,-0.037402217890466966
4.559999999999947,34.56024000000015,5.227385389801215,24.82114559132516,-0.037658867008723035
4.569999999999947,34.63603000000015,5.240066505555964,24.824812068007464,-0.03791741219368272
4.579999999999947,34.711820000000145,5.252762714764085,24.828478056039426,-0.03817786631281603
4.589999999999947,34.78761000000014,5.265474115672663,24.832143548343574,-0.03844024231249926
4.599999999999946,34.86340000000014,5.278200807157512,24.83580853768427,-0.03870455321866209
4.609999999999946,34.93919000000014,5.290942888729276,24.839473016666446,-0.038970812137365834
4.619999999999946,35.014980000000136,5.303700460540083,24.843136977733593,-0.039239032255561884
4.629999999999946,35.090770000000134,5.316473623390023,24.846800413166534,-0.03950922684167846
4.6399999999999455,35.16656000000013,5.329262478733672,24.850463315081463,-0.03978140924631465
4.649999999999945,35.24235000000013,5.342067128686754,24.854125675428374,-0.0400555929029541
4.659999999999945,35.31814000000013,5.354887676033059,24.857787485989366,-0.04033179132855469
4.669999999999945,35.393930000000125,5.367724224230959,24.861448738376893,-0.04061001812439688
4.679999999999945,35.46972000000012,5.3805768774205,24.86510942403197,-0.04089028697660496
4.689999999999944,35.54551000000012,5.393445740430252,24.868769534222455,-0.04117261165704891
4.699999999999944,35.62130000000012,5.406330918784368,24.872429060041156,-0.041457006023874365
4.709999999999944,35.69709000000012,5.41923251870972,24.876087992404045,-0.041743484022405436
4.719999999999944,35.772880000000114,5.43215064714294,24.87974632204846,-0.04203205968574383
4.729999999999944,35.84867000000011,5.445085411737933,24.88340403953099,-0.0423227471355512
4.739999999999943,35.92446000000011,5.458036920872926,24.887061135225863,-0.042615560582899364
4.749999999999943,36.00025000000011,5.471005283658118,24.8907175993227,-0.04291051432885171
4.759999999999943,36.076040000000106,5.483990609943017,24.894373421824778,-0.043207622765392556
4.769999999999943,36.1518300000001,5.496993010324154,24.8980285925469,-0.04350690037612048
4.7799999999999425,36.2276200000001,5.510012596152688,24.901683101113335,-0.04380836173703437
4.789999999999942,36.3034100000001,5.523049479542154,24.905336936955894,-0.04411202151737395
4.799999999999942,36.3792000000001,5.536103773376353,24.908990089311665,-0.04441789448037581
4.809999999999942,36.454990000000095,5.5491755913172245,24.912642547221047,-0.04472599548411221
4.819999999999942,36.53078000000009,5.562265047812938,24.91629429952548,-0.04503633948228028
4.8299999999999415,36.60657000000009,5.575372258105988,24.9199453348653,-0.04534894152509397
4.839999999999941,36.68236000000009,5.58849733824133,24.923595641677537,-0.04566381676001244
4.849999999999941,36.758150000000086,5.601640405074772,24.9272452081937,-0.045980980432693636
4.859999999999941,36.833940000000084,5.614801576281333,24.930894022437357,-0.04630044788779
4.869999999999941,36.90973000000008,5.627980970363771,24.934542072221948,-0.04662223456977438
4.87999999999994,36.98552000000008,5.641178706661144,24.938189345148437,-0.04694635602392519
4.88999999999994,37.06131000000008,5.654394905357444,24.941835828602848,-0.04727282789705631
4.89999999999994,37.137100000000075,5.667629687490472,24.94548150975391,-0.04760166593854823
4.90999999999994,37.21289000000007,5.680883174960801,24.949126375550552,-0.04793288600109963
4.9199999999999395,37.28868000000007,5.694155490540604,24.952770412719516,-0.04826650404169128
4.929999999999939,37.36447000000007,5.707446757882858,24.956413607762684,-0.04860253612254542
4.939999999999939,37.440260000000066,5.720757101530569,24.960055946954654,-0.048940998411980435
4.949999999999939,37.516050000000064,5.734086646926114,24.96369741634006,-0.04928190718531847
4.959999999999939,37.59184000000006,5.747435520420572,24.967338001730973,-0.049625278825878555
4.9699999999999385,37.66763000000006,5.760803849283409,24.9709776887042,-0.04997112982583943
4.979999999999938,37.74342000000006,5.774191761712038,24.974616462598625,-0.050319476787257456
4.989999999999938,37.819210000000055,5.787599386841666,24.978254308512348,-0.0506703364229493
4.999999999999938,37.894999999999996,5.8010268547550945,24.98189121130003,-0.05102372555750245
5.009999999999938,37.81921,5.800364578259051,24.980435453854124,-0.051372380412704616
5.019999999999937,37.74342,5.793387363713229,24.97684127359716,-0.05127949333695145
5.029999999999937,37.66763,5.783513625410055,24.972926460224183,-0.05108471838348855
5.039999999999937,37.591840000000005,5.772056498681874,24.96906637602337,-0.05079377968333579
5.049999999999937,37.51605000000001,5.759743457131871,24.965267296532858,-0.05047968541192141
5.0599999999999365,37.44026000000001,5.7469344939691265,24.961539467404343,-0.05014713164357576
5.069999999999936,37.36447000000001,5.733858056937791,24.957846513628457,-0.04980825728330815
5.079999999999936,37.288680000000014,5.720631055905514,24.954181362840576,-0.049466845504023305
5.089999999999936,37.212890000000016,5.70732862800131,24.950528545379136,-0.049124251808453784
5.099999999999936,37.13710000000002,5.69398945231355,24.946884627178672,-0.04878292062626105
5.1099999999999355,37.06131000000002,5.680638379459204,24.943244277740646,-0.04844252469813251
5.119999999999935,36.98552000000002,5.667288220840051,24.939606205393662,-0.04810433103142664
5.129999999999935,36.909730000000025,5.6539471323362225,24.935968684290653,-0.04776796547546866
5.139999999999935,36.83394000000003,5.640619299404381,24.932331252959138,-0.047434011143794585
5.149999999999935,36.75815000000003,5.627307330882815,24.928693375270743,-0.04710224188363357
5.159999999999934,36.68236000000003,5.614012534511043,24.92505489130627,-0.04677290519019198
5.169999999999934,36.60657000000003,5.600735682643928,24.921415645667615,-0.04644588111183523
5.179999999999934,36.530780000000036,5.587477125374457,24.91777558760579,-0.046121265469117656
5.189999999999934,36.45499000000004,5.574237030688139,24.91413468053461,-0.045798994546996735
5.199999999999934,36.37920000000004,5.561015431451935,24.91049291362075,-0.04547909869192271
5.209999999999933,36.30341000000004,5.547812298644565,24.90685028611336,-0.045161540868553285
5.219999999999933,36.227620000000044,5.5346275610194695,24.9032068018693,-0.044846323980452685
5.229999999999933,36.15183000000005,5.52146112652107,24.89956247029734,-0.04453342302152974
5.239999999999933,36.07604000000005,5.508312890545917,24.89591730059054,-0.04422282966867941
5.2499999999999325,36.00025000000005,5.495182741798409,24.89227130462465,-0.043914524232031654
5.259999999999932,35.92446000000005,5.482070565763214,24.888624493395845,-0.043608493931006326
5.269999999999932,35.848670000000055,5.468976246117032,24.88497687905363,-0.04330472144536038
5.279999999999932,35.77288000000006,5.455899666183227,24.881328473041787,-0.04300319232112526
5.289999999999932,35.69709000000006,5.44284070917694,24.87767928721082,-0.042703890347972895
5.299999999999931,35.62130000000006,5.429799258809105,24.87402933292754,-0.042406800529866895
5.309999999999931,35.545510000000064,5.416775199273982,24.8703786216211,-0.042111907236753926
5.319999999999931,35.469720000000066,5.403768415495255,24.866727164379185,-0.041819195384544205
5.329999999999931,35.39393000000007,5.390778793081129,24.86307497220021,-0.04152864970269024
5.339999999999931,35.31814000000007,5.377806218421053,24.859422055817532,-0.04124025519820523
5.34999999999993,35.24235000000007,5.364850578651317,24.855768425811746,-0.04095399686779533
5.35999999999993,35.166560000000075,5.351911761689733,24.852114092537086,-0.0406698598782351
5.36999999999993,35.09077000000008,5.338989656213558,24.84845906617043,-0.0403878294539472
5.37999999999993,35.01498000000008,5.326084151668562,24.844803356682114,-0.04010789094609954
5.3899999999999295,34.93919000000008,5.313195138254427,24.841146973857292,-0.03983002978868416
5.399999999999929,34.863400000000084,5.300322506923479,24.83748992728542,-0.03955423152453408
5.409999999999929,34.787610000000086,5.28746614937006,24.83383222637007,-0.03928048178779983
5.419999999999929,34.71182000000009,5.2746259580252355,24.830173880325944,-0.03900876631340808
5.429999999999929,34.63603000000009,5.26180182604786,24.826514898183987,-0.03873907092980433
5.4399999999999284,34.56024000000009,5.248993647317887,24.822855288791335,-0.03847138156187446
5.449999999999928,34.484450000000095,5.236201316428375,24.819195060814575,-0.03820568422778259
5.459999999999928,34.4086600000001,5.2234247286782995,24.815534222740787,-0.03794196503951369
5.469999999999928,34.3328700000001,5.21066378006493,24.811872782880005,-0.037680210201020886
5.479999999999928,34.2570800000001,5.1979183672767455,24.808210749366655,-0.03742040600802035
5.489999999999927,34.181290000000104,5.185188387685873,24.80454813016177,-0.037162538846722326
5.499999999999927,34.105500000000106,5.172473739341209,24.80088493305447,-0.036906595193223396
5.509999999999927,34.02971000000011,5.15977432096115,24.797221165663977,-0.03665256161252098
5.519999999999927,33.95392000000011,5.147090031926531,24.79355683544123,-0.03640042475786964
5.5299999999999265,33.87813000000011,5.134420772273831,24.78989194967068,-0.03615017136976617
5.539999999999926,33.802340000000115,5.121766442688184,24.786226515471924,-0.035901788275289365
5.549999999999926,33.72655000000012,5.109126944496606,24.782560539801537,-0.03565526238729805
5.559999999999926,33.65076000000012,5.0965021796613,24.778894029454474,-0.03541058070360148
5.569999999999926,33.57497000000012,5.083892050772965,24.775226991065907,-0.03516773030621065
5.5799999999999255,33.49918000000012,5.071296461044216,24.771559431112713,-0.034926698360659814
5.589999999999925,33.423390000000126,5.058715314303115,24.767891355915104,-0.034687472115155965
5.599999999999925,33.34760000000013,5.04614851498669,24.764222771638146,-0.03445003889991052
5.609999999999925,33.27181000000013,5.033595968134541,24.760553684293264,-0.03421438612641722
5.619999999999925,33.19602000000013,5.021057579382603,24.75688409973979,-0.03398050128667457
5.629999999999924,33.120230000000134,5.008533254956882,24.753214023686407,-0.03374837195258909
5.639999999999924,33.04444000000014,4.996022901667205,24.749543461692625,-0.03351798577519011
5.649999999999924,32.96865000000014,4.983526426901199,24.74587241917022,-0.033289330483989577
5.659999999999924,32.89286000000014,4.9710437386182305,24.742200901384606,-0.033062393886337305
5.6699999999999235,32.81707000000014,4.958574745343377,24.738528913456236,-0.03283716386668922
5.679999999999923,32.741280000000145,4.946119356161541,24.73485646036201,-0.03261362838597531
5.689999999999923,32.66549000000015,4.9336774807115455,24.731183546936556,-0.032391775481002916
5.699999999999923,32.58970000000015,4.921249029180373,24.727510177873604,-0.03217159326376512
5.709999999999923,32.51391000000015,4.9088339122974425,24.723836357727247,-0.03195306992084457
5.7199999999999225,32.438120000000154,4.896432041328813,24.720162090913266,-0.031736193712762484
5.729999999999922,32.362330000000156,4.884043328071664,24.71648738171031,-0.031520952973394356
5.739999999999922,32.28654000000016,4.87166768484864,24.71281223426124,-0.03130733610941197
5.749999999999922,32.21075000000016,4.859305024502427,24.709136652574273,-0.031095331599551967
5.759999999999922,32.13496000000016,4.846955260390141,24.705460640524237,-0.030884927994183436
5.769999999999921,32.059170000000165,4.834618306378119,24.701784201853663,-0.030676113914674397
5.779999999999921,31.983380000000164,4.822294076836318,24.698107340174072,-0.030468878052768295
5.789999999999921,31.907590000000162,4.809982486633202,24.694430058966965,-0.03026320917014169
5.799999999999921,31.83180000000016,4.797683451130393,24.690752361585094,-0.030059096097698274
5.809999999999921,31.75601000000016,4.785396886177525,24.687074251253474,-0.029856527735143606
5.81999999999992,31.68022000000016,4.7731227081069925,24.683395731070465,-0.029655493050438353
5.82999999999992,31.604430000000157,4.760860833728968,24.679716804008912,-0.029455981079180432
5.83999999999992,31.528640000000156,4.748611180326215,24.67603747291714,-0.029257980924192434
5.84999999999992,31.452850000000154,4.736373665649158,24.672357740519942,-0.02906148175490042
5.8599999999999195,31.377060000000153,4.724148207910945,24.66867760941969,-0.02886647280688659
5.869999999999919,31.30127000000015,4.711934725782415,24.66499708209728,-0.028672943381400112
5.879999999999919,31.22548000000015,4.69973313838735,24.661316160913067,-0.02848088284480857
5.889999999999919,31.14969000000015,4.687543365297554,24.657634848107932,-0.028290280628125913
5.899999999999919,31.073900000000148,4.6753653265281265,24.653953145804117,-0.028101126226567824
5.909999999999918,30.998110000000146,4.663198942532697,24.650271056006197,-0.027913409199020245
5.919999999999918,30.922320000000145,4.651044134198772,24.64658858060203,-0.027727119167584247
5.929999999999918,30.846530000000143,4.638900822842989,24.64290572136358,-0.027542245817142597
5.939999999999918,30.770740000000142,4.626768930206569,24.63922247994784,-0.027358778894892632
5.949999999999918,30.69495000000014,4.6146483784507755,24.63553885789767,-0.027176708209816408
5.959999999999917,30.61916000000014,4.602539090152298,24.631854856642683,-0.02699602363237455
5.969999999999917,30.543370000000138,4.590440988298805,24.628170477499992,-0.02681671509394709
5.979999999999917,30.467580000000137,4.578353996284498,24.6244857216751,-0.026638772586462856
5.989999999999917,30.391790000000135,4.566278037905688,24.62080059026271,-0.02646218616193388
5.9999999999999165,30.316000000000134,4.554213037356486,24.617115084247395,-0.02628694593207484
6.009999999999916,30.240210000000133,4.542158919224278,24.613429204504527,-0.026113042067822168
6.019999999999916,30.16442000000013,4.530115608485644,24.609742951800868,-0.025940464799013713
6.029999999999916,30.08863000000013,4.518083030501968,24.606056326795436,-0.025769204413872204
6.039999999999916,30.01284000000013,4.506061111015246,24.602369330040155,-0.025599251258686645
6.0499999999999154,29.937050000000127,4.494049776143838,24.59868196198058,-0.025430595737390455
6.059999999999915,29.861260000000126,4.482048952378463,24.5949942229566,-0.0252632283111498
6.069999999999915,29.785470000000124,4.470058566577868,24.59130611320311,-0.025097139498020726
6.079999999999915,29.709680000000123,4.458078545964902,24.587617632850666,-0.024932319872503883
6.089999999999915,29.63389000000012,4.446108818122387,24.583928781926147,-0.024768760065256773
6.099999999999914,29.55810000000012,4.434149310989094,24.580239560353398,-0.024606450762623383
6.109999999999914,29.48231000000012,4.422199952855799,24.576549967953817,-0.024445382706318824
6.119999999999914,29.406520000000118,4.410260672361261,24.57286000444701,-0.024285546693098542
6.129999999999914,29.330730000000116,4.398331398488347,24.56916966945137,-0.024126933574307258
6.1399999999999135,29.254940000000115,4.38641206056011,24.565478962484608,-0.023969534255627645
6.149999999999913,29.179150000000114,4.3745025882359485,24.561787882964403,-0.02381333969666094
6.159999999999913,29.103360000000112,4.362602911507734,24.5580964302089,-0.023658340910594544
6.169999999999913,29.02757000000011,4.350712960696033,24.554404603437245,-0.023504528963899457
6.179999999999913,28.95178000000011,4.338832666446301,24.55071240177014,-0.023351894975930904
6.1899999999999125,28.875990000000108,4.326961959725208,24.54701982423036,-0.023200430118658133
6.199999999999912,28.800200000000107,4.315100771816846,24.54332686974322,-0.023050125616277867
6.209999999999912,28.724410000000105,4.303249034319077,24.539633537137057,-0.02290097274492417
6.219999999999912,28.648620000000104,4.29140667913984,24.535939825143792,-0.022752962832384843
6.229999999999912,28.572830000000103,4.279573638493524,24.532245732399254,-0.022606087257677737
6.239999999999911,28.4970400000001,4.267749844897421,24.52855125744373,-0.022460337450830786
6.249999999999911,28.4212500000001,4.255935231168061,24.52485639872239,-0.022315704892563848
6.259999999999911,28.3454600000001,4.2441297304176775,24.521161154585613,-0.022172181113940953
6.269999999999911,28.269670000000097,4.232333276050692,24.517465523289566,-0.022029757696043345
6.2799999999999105,28.193880000000096,4.220545801760244,24.513769502996432,-0.021888426269810773
6.28999999999991,28.118090000000095,4.208767241524611,24.51007309177492,-0.021748178515580002
6.29999999999991,28.042300000000093,4.196997529603882,24.506376287600517,-0.021609006162890743
6.30999999999991,27.966510000000092,4.185236600536428,24.502679088356004,-0.021470900990187114
6.31999999999991,27.89072000000009,4.173484389135515,24.49898149183162,-0.021333854824472503
6.3299999999999095,27.81493000000009,4.161740830485952,24.495283495725573,-0.021197859541134956
6.339999999999909,27.739140000000088,4.150005859940726,24.491585097644233,-0.02106290706356051
6.349999999999909,27.663350000000086,4.138279413117604,24.48788629510248,-0.020928989362913014
6.359999999999909,27.587560000000085,4.126561425895933,24.48418708552408,-0.02079609845788641
6.369999999999909,27.511770000000084,4.114851834413224,24.480487466241804,-0.020664226414357334
6.379999999999908,27.435980000000082,4.103150575061951,24.4767874344979,-0.020533365345200505
6.389999999999908,27.36019000000008,4.09145758448633,24.47308698744415,-0.020403507409968324
6.399999999999908,27.28440000000008,4.079772799578971,24.46938612214233,-0.02027464481468133
6.409999999999908,27.20861000000008,4.068096157477823,24.46568483556426,-0.02014676981151617
6.419999999999908,27.132820000000077,4.0564275955628615,24.461983124592166,-0.02001987469859476
6.429999999999907,27.057030000000076,4.04476705145303,24.458280986018792,-0.019893951819711847
6.439999999999907,26.981240000000074,4.033114463002981,24.45457841654771,-0.019768993564102888
6.449999999999907,26.905450000000073,4.021469768300042,24.450875412793366,-0.019644992366178504
6.459999999999907,26.82966000000007,4.009832905661063,24.447171971281428,-0.019521940705286928
6.4699999999999065,26.75387000000007,3.99820381362938,24.44346808844881,-0.019399831105497978
6.479999999999906,26.67808000000007,3.986582430971647,24.439763760643917,-0.01927865613531518
6.489999999999906,26.602290000000067,3.974968696674856,24.436058984126706,-0.019158408407504685
6.499999999999906,26.526500000000066,3.9633625499433136,24.43235375506893,-0.019039080578805212
6.509999999999906,26.450710000000065,3.9517639301956327,24.428648069554107,-0.018920665349736243
6.519999999999905,26.374920000000063,3.94017277706163,24.424941923577798,-0.018803155464348548
6.529999999999905,26.299130000000062,3.928589030379536,24.42123531304756,-0.018686543710007247
6.539999999999905,26.22334000000006,3.9170126301928576,24.41752823378309,-0.018570822917164775
6.549999999999905,26.14755000000006,3.9054435167475017,24.413820681516338,-0.01845598595917236
6.559999999999905,26.071760000000058,3.8938816304888544,24.41011265189144,-0.018342025751988983
6.569999999999904,25.995970000000057,3.882326912058907,24.40640414046493,-0.01822893525405464
6.579999999999904,25.920180000000055,3.870779302293275,24.40269514270564,-0.018116707466003107
6.589999999999904,25.844390000000054,3.859238742218354,24.398985653994806,-0.018005335430482217
6.599999999999904,25.768600000000053,3.8477051730485123,24.39527566962608,-0.017894812231960155
6.6099999999999035,25.69281000000005,3.836178536183134,24.391565184805437,-0.017785130996505166
6.619999999999903,25.61702000000005,3.82465877320391,24.38785419465129,-0.01767628489157777
6.629999999999903,25.54123000000005,3.81314582587193,24.384142694194402,-0.017568267125777276
6.639999999999903,25.465440000000047,3.801639636124908,24.380430678377863,-0.017461070948766172
6.649999999999903,25.389650000000046,3.7901401460744077,24.376718142057015,-0.01735468965095971
6.659999999999902,25.313860000000044,3.778647298003037,24.373005079999462,-0.017249116563375938
6.669999999999902,25.238070000000043,3.7671610343617585,24.369291486884947,-0.017144345057427735
6.679999999999902,25.16228000000004,3.7556812977670653,24.36557735730529,-0.01704036854475116
6.689999999999902,25.08649000000004,3.7442080309982564,24.361862685764287,-0.01693718047696008
6.699999999999902,25.01070000000004,3.732741176994793,24.358147466677615,-0.016834774345547004
6.709999999999901,24.934910000000038,3.721280678853552,24.354431694372675,-0.016733143681617657
6.719999999999901,24.859120000000036,3.7098264798260905,24.350715363088547,-0.016632282055728947
6.729999999999901,24.783330000000035,3.6983785233160047,24.346998466975784,-0.01653218307773291
6.739999999999901,24.707540000000034,3.686936752876358,24.343281000096205,-0.01643284039654702
6.7499999999999005,24.631750000000032,3.6755011122068346,24.33956295642293,-0.016334247700029697
6.7599999999999,24.55596000000003,3.6640715451512724,24.33584432983993,-0.016236398714761208
6.7699999999999,24.48017000000003,3.6526479956949345,24.33212511414206,-0.016139287205857583
6.7799999999999,24.404380000000028,3.6412304079619706,24.328405303034764,-0.016042906976859922
6.7899999999999,24.328590000000027,3.629818726212764,24.324684890133835,-0.015947251869489004
6.7999999999998995,24.252800000000025,3.6184128948413283,24.32096386896529,-0.01585231576352264
6.809999999999899,24.177010000000024,3.607012858372797,24.317242232964986,-0.01575809257657601
6.819999999999899,24.101220000000023,3.595618561460789,24.313519975478478,-0.015664576264033586
6.829999999999899,24.02543000000002,3.58422994888487,24.309797089760757,-0.015571760818729352
6.839999999999899,23.94964000000002,3.5728469655480435,24.306073568975897,-0.015479640270943479
6.849999999999898,23.87385000000002,3.561469556474176,24.302349406196825,-0.01538820868811272
6.859999999999898,23.798060000000017,3.550097666805505,24.29862459440502,-0.015297460174750505
6.869999999999898,23.722270000000016,3.538731241800108,24.294899126490158,-0.015207388872233413
6.879999999999898,23.646480000000015,3.5273702268294076,24.29117299524982,-0.015117988958664369
6.8899999999998975,23.570690000000013,3.5160145673756915,24.28744619338911,-0.0150292546487297
6.899999999999897,23.494900000000012,3.5046642090296327,24.28371871352042,-0.014941180193502851
6.909999999999897,23.41911000000001,3.493319097487806,24.27999054816287,-0.014853759880338324
6.919999999999897,23.34332000000001,3.481979178550264,24.276261689742107,-0.014766988032689832
6.929999999999897,23.267530000000008,3.4706443981180346,24.272532130589774,-0.014680859009960634
6.9399999999998965,23.191740000000006,3.4593147021907673,24.268801862943285,-0.014595367207326126
6.949999999999896,23.115950000000005,3.447990036864219,24.26507087894516,-0.01451050705562612
6.959999999999896,23.040160000000004,3.436670348327892,24.261339170642817,-0.014426273021256486
6.969999999999896,22.964370000000002,3.4253555828626263,24.25760672998799,-0.014342659605872998
6.979999999999896,22.88858,3.4140456868381586,24.25387354883634,-0.014259661346404356
6.989999999999895,22.81279,3.4027406067107906,24.250139618946914,-0.014177272814825032
6.999999999999895,22.737,3.3914402890210167,24.246404931981743,-0.014095488618036806
7.009999999999895,22.661209999999997,3.380144680391081,24.242669479505302,-0.014014303397698408
7.019999999999895,22.585419999999996,3.36885372752272,24.23893325298393,-0.013933711830127815
7.0299999999998946,22.509629999999994,3.3575673771947177,24.235196243785442,-0.013853708626119843
7.039999999999894,22.433839999999993,3.346285576260673,24.23145844317845,-0.013774288530845585
7.049999999999894,22.35804999999999,3.335008271646573,24.227719842331883,-0.013695446323677252
7.059999999999894,22.28225999999999,3.323735410348558,24.22398043231439,-0.013617176818060295
7.069999999999894,22.20646999999999,3.3124669394305215,24.220240204093784,-0.013539474861409495
7.0799999999998935,22.130679999999987,3.3012028060219523,24.21649914853637,-0.013462335334937237
7.089999999999893,22.054889999999986,3.289942957315459,24.212757256406434,-0.013385753153535213
7.099999999999893,21.979099999999985,3.2786873405646677,24.209014518365517,-0.013309723265637341
7.109999999999893,21.903309999999983,3.2674359030818563,24.205270924971806,-0.013234240653077323
7.119999999999893,21.827519999999982,3.256188592235716,24.201526466679507,-0.013159300330959856
7.129999999999892,21.75172999999998,3.2449453554490786,24.197781133838134,-0.01308489734756893
7.139999999999892,21.67593999999998,3.233706140196725,24.194034916691788,-0.013011026784184976
7.149999999999892,21.600149999999978,3.222470894003141,24.190287805378553,-0.01293768375499374
7.159999999999892,21.524359999999977,3.211239564440267,24.186539789929668,-0.012864863406904653
7.169999999999892,21.448569999999975,3.2000120991253027,24.182790860268845,-0.012792560919495655
7.179999999999891,21.372779999999974,3.1887884457185276,24.179041006211513,-0.012720771504843964
7.189999999999891,21.296989999999973,3.1775685519211025,24.175290217464028,-0.012649490407403818
7.199999999999891,21.22119999999997,3.166352365472875,24.171538483622914,-0.012578712903891981
7.209999999999891,21.14540999999997,3.1551398341502273,24.167785794174062,-0.012508434303143467
7.2199999999998905,21.06961999999997,3.143930905763897,24.16403213849189,-0.012438649945998831
7.22999999999989,20.993829999999967,3.1327255281568442,24.160277505838522,-0.012369355205215093
7.23999999999989,20.918039999999966,3.121523649202161,24.156521885362945,-0.012300545485255499
7.24999999999989,20.842249999999964,3.1103252168008506,24.15276526610014,-0.012232216222276604
7.25999999999989,20.766459999999963,3.099130178879771,24.149007636970182,-0.012164362883929913
7.269999999999889,20.69066999999996,3.0879384833895367,24.14524898677741,-0.012096980969243665
7.279999999999889,20.61487999999996,3.0767500783024104,24.141489304209365,-0.012030066008560741
7.289999999999889,20.53908999999996,3.0655649116102177,24.137728577836015,-0.011963613563350212
7.299999999999889,20.463299999999958,3.0543829313223076,24.13396679610871,-0.011897619226146322
7.309999999999889,20.387509999999956,3.043204085463457,24.13020394735924,-0.011832078620353265
7.319999999999888,20.311719999999955,3.032028322071859,24.126440019798814,-0.011766987400219892
7.329999999999888,20.235929999999954,3.02085558919707,24.12267500151715,-0.011702341250650977
7.339999999999888,20.160139999999952,3.0096858348980335,24.11890888048132,-0.01163813588712731
7.349999999999888,20.08434999999995,2.9985190072410157,24.115141644534802,-0.011574367055547707
7.3599999999998875,20.00855999999995,2.987355054297651,24.1113732813964,-0.011511030532161126
7.369999999999887,19.932769999999948,2.9761939241429536,24.10760377865915,-0.01144812212341717
7.379999999999887,19.856979999999947,2.965035564853391,24.103833123789236,-0.011385637665851378
7.389999999999887,19.781189999999945,2.953879924504851,24.100061304124857,-0.011323573025977446
7.399999999999887,19.705399999999944,2.9427269511708074,24.09628830687513,-0.011261924100166631
7.4099999999998865,19.629609999999943,2.9315765929203454,24.09251411911888,-0.011200686814520522
7.419999999999886,19.55381999999994,2.920428797816249,24.088738727803538,-0.01113985712477411
7.429999999999886,19.47802999999994,2.9092835139131714,24.084962119743864,-0.011079431016161018
7.439999999999886,19.40223999999994,2.898140689255685,24.081184281620814,-0.011019404503309321
7.449999999999886,19.326449999999937,2.8870002718765257,24.07740519998027,-0.010959773630124348
7.459999999999885,19.250659999999936,2.8758622097946867,24.07362486123175,-0.01090053446964162
7.469999999999885,19.174869999999935,2.8647264510135764,24.069843251647235,-0.010841683123958168
7.479999999999885,19.099079999999933,2.853592943519331,24.066060357359788,-0.01078321572407745
7.489999999999885,19.023289999999932,2.8424616352789345,24.06227616436226,-0.010725128429812603
7.4999999999998845,18.94749999999993,2.8313324742384918,24.058490658506003,-0.01066741742964672
7.509999999999884,18.87170999999993,2.8202054083215056,24.054703825499445,-0.010610078940655798
7.519999999999884,18.795919999999928,2.809080385427134,24.050915650906752,-0.010553109208335049
7.529999999999884,18.720129999999926,2.7979573534284956,24.047126120146444,-0.01049650450652112
7.539999999999884,18.644339999999925,2.7868362601710235,24.043335218489965,-0.010440261137264012
7.5499999999998835,18.568549999999924,2.7757170534707916,24.039542931060225,-0.010384375430681103
7.559999999999883,18.492759999999922,2.764599681112851,24.035749242830146,-0.010328843744881161
7.569999999999883,18.41696999999992,2.7534840908497085,24.03195413862121,-0.010273662465810962
7.579999999999883,18.34117999999992,2.742370230399686,24.02815760310193,-0.010218828007127367
7.589999999999883,18.26538999999992,2.731258047445394,24.024359620786306,-0.010164336810109115
7.599999999999882,18.189599999999917,2.7201474896321507,24.0205601760323,-0.01011018534351013
7.609999999999882,18.113809999999916,2.7090385045666396,24.016759253040235,-0.01005637010342536
7.619999999999882,18.038019999999914,2.697931039815214,24.01295683585132,-0.01000288761318649
7.629999999999882,17.962229999999913,2.6868250429026492,24.009152908345808,-0.009949734423259887
7.6399999999998816,17.88643999999991,2.675720461310655,24.005347454241562,-0.009896907111017983
7.649999999999881,17.81064999999991,2.664617242476492,24.001540457092332,-0.009844402280745457
7.659999999999881,17.73485999999991,2.6535153337916633,23.99773190028599,-0.009792216563416445
7.669999999999881,17.659069999999907,2.642414682600566,23.99392176704295,-0.009740346616597173
7.679999999999881,17.583279999999906,2.631315236199236,23.990110040414322,-0.009688789124310787
7.6899999999998805,17.507489999999905,2.6202169418341414,23.986296703280235,-0.009637540796905208
7.69999999999988,17.431699999999903,2.609119746700915,23.982481738348035,-0.009586598370915161
7.70999999999988,17.355909999999902,2.5980235979432558,23.978665128150453,-0.009535958608945488
7.71999999999988,17.2801199999999,2.586928442651755,23.974846855043822,-0.009485618299477944
7.72999999999988,17.2043299999999,2.5758342278628468,23.971026901206194,-0.009435574256821372
7.739999999999879,17.128539999999898,2.5647409005577875,23.967205248635494,-0.00938582332087276
7.749999999999879,17.052749999999897,2.5536484076615773,23.963381879147597,-0.009336362357037442
7.759999999999879,16.976959999999895,2.542556696042169,23.959556774374402,-0.009287188256079493
7.769999999999879,16.901169999999894,2.531465712509378,23.955729915761935,-0.009238297933953338
7.779999999999879,16.825379999999893,2.520375403814188,23.951901284568308,-0.009189688331682433
7.789999999999878,16.74958999999989,2.5092857166478684,23.948070861861773,-0.00914135641515293
7.799999999999878,16.67379999999989,2.498196597641247,23.94423862851871,-0.00909329917504792
7.809999999999878,16.59800999999989,2.487107993364007,23.940404565221527,-0.009045513626601609
7.819999999999878,16.522219999999887,2.4760198503241,23.936568652456643,-0.00899799680950919
7.8299999999998775,16.446429999999886,2.464932114967094,23.932730870512387,-0.00895074578774599
7.839999999999877,16.370639999999884,2.453844733675685,23.928891199476883,-0.008903757649369903
7.849999999999877,16.294849999999883,2.442757652769291,23.925049619235885,-0.008857029506399577
7.859999999999877,16.21905999999988,2.4316708185035543,23.921206109470663,-0.00881055849461937
7.869999999999877,16.14326999999988,2.4205841770700967,23.917360649655755,-0.008764341773457113
7.879999999999876,16.06747999999988,2.4094976745962504,23.91351321905681,-0.008718376525719634
7.889999999999876,15.99168999999988,2.398411257144879,23.90966379672829,-0.008672659957486006
7.899999999999876,15.91589999999988,2.3873248707141905,23.90581236151131,-0.008627189297903265
7.909999999999876,15.84010999999988,2.3762384612378153,23.901958892031228,-0.008581961799006999
7.919999999999876,15.76431999999988,2.3651519745847627,23.898103366695445,-0.008536974735519925
7.929999999999875,15.688529999999881,2.354065356559568,23.894245763691004,-0.008492225404678616
7.939999999999875,15.612739999999881,2.3429785529025344,23.89038606098233,-0.008447711126017138
7.949999999999875,15.536949999999882,2.3318915092899815,23.886524236308702,-0.00840342924117074
7.959999999999875,15.461159999999882,2.3208041713346574,23.882660267182015,-0.008359377113680483
7.9699999999998745,15.385369999999883,2.3097164845861795,23.878794130884284,-0.008315552128790593
7.979999999999874,15.309579999999883,2.2986283945316672,23.8749258044652,-0.008271951693200913
7.989999999999874,15.233789999999884,2.2875398465963968,23.871055264739663,-0.008228573234874803
7.999999999999874,15.157999999999884,2.2764507861444967,23.867182488285362,-0.008185414202832059
8.009999999999874,15.082209999999884,2.2653611584799416,23.86330745144017,-0.008142472066879708
8.019999999999873,15.006419999999885,2.254270908847519,23.859430130299728,-0.008099744317401042
8.029999999999873,14.930629999999885,2.243179982433856,23.8555505007148,-0.008057228465114502
8.039999999999873,14.854839999999886,2.232088324368732,23.851668538288774,-0.008014922040849914
8.049999999999873,14.779049999999886,2.220995879726373,23.84778421837508,-0.007972822595241486
8.059999999999873,14.703259999999887,2.2099025935269254,23.843897516074556,-0.007930927698540063
8.069999999999872,14.627469999999887,2.198808410738057,23.840008406232858,-0.007889234940296808
8.079999999999872,14.551679999999887,2.1877132762767078,23.83611686343783,-0.007847741929135316
8.089999999999872,14.475889999999888,2.176617135010913,23.832222862016827,-0.007806446292432878
8.099999999999872,14.400099999999888,2.165519931761824,23.828326376034077,-0.0077653456760772566
8.109999999999872,14.324309999999889,2.154421611305896,23.824427379288025,-0.007724437744182272
8.119999999999871,14.248519999999889,2.143322118377152,23.82052584530858,-0.007683720178716352
8.129999999999871,14.17272999999989,2.1322213976697,23.816621747354475,-0.007643190679327616
8.139999999999871,14.09693999999989,2.121119393840293,23.812715058410525,-0.007602846962898979
8.14999999999987,14.02114999999989,2.110016051511157,23.808805751184906,-0.007562686763320892
8.15999999999987,13.94535999999989,2.098911315272964,23.804893798106434,-0.007522707831120079
8.16999999999987,13.869569999999891,2.087805129687971,23.800979171321792,-0.007482907933142352
8.17999999999987,13.793779999999892,2.0766974392933144,23.797061842692855,-0.007443284852199777
8.18999999999987,13.717989999999892,2.065588188604565,23.79314178379389,-0.007403836386688956
8.19999999999987,13.642199999999892,2.0544773221194106,23.789218965908802,-0.007364560350315907
8.20999999999987,13.566409999999893,2.04336478432157,23.785293360028387,-0.007325454571598916
8.21999999999987,13.490619999999893,2.032250519684924,23.78136493684762,-0.0072865168935987434
8.229999999999869,13.414829999999894,2.021134472677853,23.77743366676284,-0.007247745173443787
8.239999999999869,13.339039999999894,2.0100165877677822,23.77349951986902,-0.007209137281981776
8.249999999999869,13.263249999999895,1.998896809425946,23.769562465957105,-0.007170691103334209
8.259999999999868,13.187459999999895,1.9877750821324285,23.765622474511126,-0.007132404534467063
8.269999999999868,13.111669999999895,1.9766513503814234,23.76167951470564,-0.007094275484802098
8.279999999999868,13.035879999999896,1.9655255586867422,23.757733555402897,-0.0070563018756912566
8.289999999999868,12.960089999999896,1.9543976515875707,23.753784565150227,-0.007018481640029661
8.299999999999867,12.884299999999897,1.9432675736545102,23.749832512177285,-0.006980812721721463
8.309999999999867,12.808509999999897,1.932135269495866,23.74587736439348,-0.006943293075244078
8.319999999999867,12.732719999999897,1.9210006837642655,23.74191908938527,-0.0069059206651102545
8.329999999999867,12.656929999999898,1.9098637611634892,23.73795765441358,-0.006868693465378772
8.339999999999867,12.581139999999898,1.8987244464557294,23.733993026411248,-0.006831609459111071
8.349999999999866,12.505349999999899,1.8875826844689758,23.730025171980415,-0.006794666637835817
8.359999999999866,12.4295599999999,1.8764384201048676,23.72605405739008,-0.00675786300100395
8.369999999999866,12.3537699999999,1.8652915983468215,23.72207964857357,-0.006721196555390635
8.379999999999866,12.2779799999999,1.8541421642684794,23.718101911126148,-0.006684665314515781
8.389999999999866,12.2021899999999,1.8429900630425537,23.714120810302642,-0.006648267298061977
8.399999999999865,12.1263999999999,1.831835239949898,23.710136311015063,-0.006612000531218548
8.409999999999865,12.050609999999901,1.820677640389149,23.706148377830363,-0.006575863044081864
8.419999999999865,11.974819999999902,1.8095172098865917,23.702156974968247,-0.00653985287096201
8.429999999999865,11.899029999999902,1.7983538941063952,23.69816206629893,-0.00650396804973466
8.439999999999864,11.823239999999902,1.7871876388613854,23.694163615341168,-0.006468206621130401
8.449999999999864,11.747449999999903,1.776018390124086,23.690161585260153,-0.006432566628042896
8.459999999999864,11.671659999999903,1.7648460940383033,23.686155938865667,-0.006397046114791305
8.469999999999864,11.595869999999904,1.7536706969310019,23.682146638610167,-0.006361643126358285
8.479999999999864,11.520079999999904,1.7424921453247626,23.678133646587092,-0.00632635570764381
8.489999999999863,11.444289999999905,1.73131038595057,23.67411692452918,-0.006291181902621956
8.499999999999863,11.368499999999905,1.7201253657612159,23.670096433806908,-0.006256119753605266
8.509999999999863,11.292709999999905,1.7089370319450272,23.666072135427104,-0.0062211673003313706
8.519999999999863,11.216919999999906,1.6977453319402067,23.662043990031563,-0.006186322579140896
8.529999999999863,11.141129999999906,1.6865502134496015,23.658011957895894,-0.006151583622104606
8.539999999999862,11.065339999999907,1.6753516244560442,23.653975998928434,-0.006116948456100807
8.549999999999862,10.989549999999907,1.6641495132381754,23.649936072669355,-0.006082415101867855
8.559999999999862,10.913759999999908,1.652943828386913,23.645892138289817,-0.006047981573099631
8.569999999999862,10.837969999999908,1.641734518822321,23.64184415459145,-0.0060136458753894395
8.579999999999862,10.762179999999908,1.6305215338111874,23.637792080005788,-0.0059794060052848486
8.589999999999861,10.686389999999909,1.6193048229851639,23.633735872594098,-0.005945259949255044
8.599999999999861,10.61059999999991,1.6080843363594237,23.629675490047184,-0.005911205682557652
8.60999999999986,10.53480999999991,1.5968600243520708,23.625610889685575,-0.005877241168219416
8.61999999999986,10.45901999999991,1.5856318378040637,23.62154202845975,-0.00584336435588978
8.62999999999986,10.38322999999991,1.5743997279998403,23.617468862950687,-0.005809573180693084
8.63999999999986,10.307439999999911,1.5631636466886145,23.613391349370637,-0.005775865562045512
8.64999999999986,10.231649999999911,1.5519235461062768,23.60930944356405,-0.005742239402450111
8.65999999999986,10.155859999999912,1.5406793789980537,23.605223101008825,-0.005708692586243236
8.66999999999986,10.080069999999912,1.5294310986418675,23.60113227681782,-0.005675222978343969
8.67999999999986,10.004279999999913,1.518178658872366,23.597036925740582,-0.005641828422930595
8.68999999999986,9.928489999999913,1.506922014105751,23.592937002165407,-0.005608506742091401
8.699999999999859,9.852699999999913,1.4956611193652556,23.588832460121726,-0.005575255734482393
8.709999999999859,9.776909999999914,1.48439593030754,23.584723253282718,-0.005542073173880613
8.719999999999859,9.701119999999914,1.4731264032496743,23.580609334968376,-0.00550895680776875
8.729999999999858,9.625329999999915,1.461852495197095,23.576490658148757,-0.0054759043558124665
8.739999999999858,9.549539999999915,1.450574163872234,23.572367175447802,-0.00544291350842066
8.749999999999858,9.473749999999916,1.43929136774404,23.568238839147288,-0.005409981925093482
8.759999999999858,9.397959999999916,1.4280040660582975,23.564105601191404,-0.005377107232896583
8.769999999999857,9.322169999999916,1.4167122188688133,23.55996741319158,-0.005344287024824174
8.779999999999857,9.246379999999917,1.4054157870694581,23.555824226431803,-0.005311518858072295
8.789999999999857,9.170589999999917,1.3941147324270913,23.551675991874404,-0.0052788002523940225
8.799999999999857,9.094799999999918,1.3828090176153425,23.547522660166244,-0.005246128688311785
8.809999999999857,9.019009999999918,1.371498606249311,23.54336418164543,-0.005213501605316195
8.819999999999856,8.943219999999918,1.3601834629211913,23.539200506348507,-0.00518091640005941
8.829999999999856,8.867429999999919,1.3488635532367554,23.535031584018267,-0.005148370424451848
8.839999999999856,8.79163999999992,1.3375388438528404,23.53085736411191,-0.005115860983742948
8.849999999999856,8.71584999999992,1.3262093025157529,23.52667779580997,-0.005083385334569646
8.859999999999856,8.64005999999992,1.3148748981005538,23.522492828025733,-0.005050940682926053
8.869999999999855,8.56426999999992,1.3035356006513932,23.518302409415284,-0.0050185241821292526
8.879999999999855,8.488479999999921,1.2921913814227401,23.514106488388105,-0.0049861329306900015
8.889999999999855,8.412689999999921,1.2808422129215973,23.509905013118548,-0.004953763970225539
8.899999999999855,8.336899999999922,1.2694880689507213,23.505697931557748,-0.004921414283189707
8.909999999999854,8.261109999999922,1.2581289246527112,23.501485191446363,-0.004889080790692085
8.919999999999854,8.185319999999923,1.2467647565552111,23.497266740328055,-0.004856760350205214
8.929999999999854,8.109529999999923,1.2353955426169803,23.493042525563627,-0.004824449753185411
8.939999999999854,8.033739999999923,1.2240212622749715,23.488812494346064,-0.004792145722813307
8.949999999999854,7.957949999999924,1.212641896492385,23.48457659371635,-0.0047598449113811225
8.959999999999853,7.882159999999924,1.2012574278076609,23.48033477058003,-0.004727543897998843
8.969999999999853,7.806369999999925,1.1898678403844793,23.476086971724733,-0.004695239185961625
8.979999999999853,7.730579999999925,1.1784731200626477,23.47183314383855,-0.00466292720024572
8.989999999999853,7.654789999999926,1.1670732544099776,23.467573233529293,-0.004630604284820233
8.999999999999853,7.578999999999926,1.1556682327750272,23.46330718734479,-0.004598266700059472
9.009999999999852,7.503209999999926,1.1442580463408203,23.45903495179406,-0.004565910619955704
9.019999999999852,7.427419999999927,1.1328426881793894,23.454756473369464,-0.0045335321294395214
9.029999999999852,7.351629999999927,1.121422153307254,23.450471698570034,-0.004501127221479828
9.039999999999852,7.275839999999928,1.1099964387416665,23.446180573925663,-0.004468691794324103
9.049999999999851,7.200049999999928,1.0985655435577466,23.441883046022546,-0.0044362216485263894
9.059999999999851,7.1242599999999285,1.0871294689463478,23.437579061529632,-0.004403712484030792
9.069999999999851,7.048469999999929,1.0756882182727294,23.433268567226193,-0.004371159897199384
9.07999999999985,6.972679999999929,1.0642417971358964,23.42895151003068,-0.00433855937773725
9.08999999999985,6.89688999999993,1.0527902134286447,23.424627837030627,-0.004305906305642898
9.09999999999985,6.82109999999993,1.041333477398225,23.420297495513893,-0.004273195948087949
9.10999999999985,6.745309999999931,1.02987160170762,23.41596043300104,-0.00424042345623904
9.11999999999985,6.669519999999931,1.0184046014973256,23.411616597279043,-0.004207583862084641
9.12999999999985,6.5937299999999315,1.0069324944475915,23.40726593643634,-0.0041746720751686395
9.13999999999985,6.517939999999932,0.9954553008411343,23.402908398899047,-0.004141682879322872
9.14999999999985,6.442149999999932,0.9839730436261306,23.398543933468616,-0.004108610929386497
9.15999999999985,6.366359999999933,0.9724857484795868,23.39417248936093,-0.004075450747819037
9.169999999999849,6.290569999999933,0.9609934438707858,23.389794016246533,-0.004042196721332658
9.179999999999849,6.214779999999934,0.949496161124981,23.385408464292475,-0.004008843097529802
9.189999999999849,6.138989999999934,0.9379939344870655,23.381015784205537,-0.0039753839814123115
9.199999999999848,6.063199999999934,0.9264868011852072,23.376615927276703,-0.003941813331964972
9.209999999999848,5.987409999999935,0.9149748014943383,23.37220884542731,-0.0039081249586883915
9.219999999999848,5.911619999999935,0.9034579787994315,23.367794491256454,-0.0038743125180453752
9.229999999999848,5.835829999999936,0.8919363796583578,23.36337281809002,-0.0038403695100259483
9.239999999999847,5.760039999999936,0.8804100538643992,23.358943780030955,-0.00380628927455523
9.249999999999847,5.6842499999999365,0.8688790545080539,23.354507332011167,-0.003772064988017493
9.259999999999847,5.608459999999937,0.8573434380382359,23.35006342984488,-0.00373768965967905
9.269999999999847,5.532669999999937,0.8458032643226044,23.345612030283306,-0.003703156128151197
9.279999999999847,5.456879999999938,0.8342585967069578,23.34115309107089,-0.0036684570578902065
9.289999999999846,5.381089999999938,0.8227095020735204,23.336686571002947,-0.003633584935607115
9.299999999999846,5.305299999999939,0.8111560508979653,23.3322124299847,-0.003598532066811544
9.309999999999846,5.229509999999939,0.7995983173051093,23.327730629091697,-0.003563290572277056
9.319999999999846,5.1537199999999395,0.7880363791229358,23.323241130631672,-0.0035278523845465593
9.329999999999846,5.07792999999994,0.7764703179350684,23.31874389820763,-0.003492209244513461
9.339999999999845,5.00213999999994,0.7649002191312463,23.3142388967824,-0.003456352697991938
9.349999999999845,4.926349999999941,0.7533261719558008,23.30972609274425,-0.0034202740922841812
9.359999999999845,4.850559999999941,0.741748269553937,23.30520545397391,-0.0033839645729301926
9.369999999999845,4.774769999999942,0.7301666090155876,23.30067694991267,-0.003347415080335786
9.379999999999844,4.698979999999942,0.7185812914166864,23.296140551631602,-0.003310616346577311
9.389999999999844,4.623189999999942,0.7069924218576985,23.291596231901863,-0.00327355889222386
9.399999999999844,4.547399999999943,0.6954001094991613,23.287043965265916,-0.0032362330232449665
9.409999999999844,4.471609999999943,0.683804467594153,23.28248372810981,-0.0031986288279590713
9.419999999999844,4.395819999999944,0.6722056135173071,23.27791549873605,-0.0031607361741307627
9.429999999999843,4.320029999999944,0.6606036687903951,23.273339257437474,-0.003122544706097241
9.439999999999843,4.2442399999999445,0.6489987591041115,23.26875498657153,-0.003084043842038392
9.449999999999843,4.168449999999945,0.6373910143359355,23.264162670635287,-0.003045222771317524
9.459999999999843,4.092659999999945,0.6257805685639095,23.259562296340764,-0.003006070451991333
9.469999999999843,4.016869999999946,0.6141675600760116,23.254953852690576,-0.0029665756083600836
9.479999999999842,3.9410799999999457,0.6025521313750595,23.250337331053913,-0.002926726728738782
9.489999999999842,3.8652899999999457,0.5909344291789334,23.24571272524238,-0.0028865120633227714
9.499999999999842,3.7894999999999457,0.5793146044157595,23.24108003158588,-0.002845919622212395
9.509999999999842,3.7137099999999457,0.5676928122141776,23.236439249008278,-0.0028049371735877904
9.519999999999841,3.6379199999999456,0.556069211888195,23.231790379102698,-0.0027635522420587644
9.529999999999841,3.5621299999999456,0.5444439669166885,23.227133426206205,-0.0027217521072020745
9.539999999999841,3.4863399999999456,0.5328172449172355,23.222468397473925,-0.0026795238022695733
9.54999999999984,3.4105499999999456,0.5211892176141937,23.217795302952197,-0.0026368541130686873
9.55999999999984,3.3347599999999455,0.5095600608008691,23.21311415565072,-0.002593729577125836
9.56999999999984,3.2589699999999455,0.49792995429557324,23.2084249716135,-0.002550136482945803
9.57999999999984,3.1831799999999455,0.48629908189154947,23.203727769988376,-0.0025060608695907927
9.58999999999984,3.1073899999999455,0.4746676313005336,23.199022573094872,-0.0024614885264550856
9.59999999999984,3.0315999999999454,0.4630357940898928,23.194309406490376,-0.0024164049932405285
9.60999999999984,2.9558099999999454,0.45140376561330287,23.1895882990342,-0.002370795560224598
9.61999999999984,2.8800199999999454,0.4397717449348003,23.184859282949528,-0.002324645268794834
9.62999999999984,2.8042299999999454,0.4281399347461823,23.180122393882833,-0.0022779389121584948
9.639999999999839,2.7284399999999454,0.4165085412777447,23.17537767096084,-0.0022306610364565826
9.649999999999839,2.6526499999999453,0.4048777742022874,23.170625156844494,-0.0021827959419932486
9.659999999999838,2.5768599999999453,0.3932478465324165,23.165864897779997,-0.0021343276848918014
9.669999999999838,2.5010699999999453,0.3816189745111147,23.16109694364654,-0.0020852400789276027
9.679999999999838,2.4252799999999453,0.36999137749568006,23.15632134800066,-0.002035516697742601
9.689999999999838,2.3494899999999452,0.3583652778349841,23.15153816811674,-0.0019851408772834367
9.699999999999838,2.273699999999945,0.34674090074028174,23.146747465023957,-0.0019340957185923768
9.709999999999837,2.197909999999945,0.33511847414951407,23.141949303538908,-0.0018823640908571526
9.719999999999837,2.122119999999945,0.32349822858529476,23.137143752294087,-0.001829928634842326
9.729999999999837,2.046329999999945,0.3118803970068127,23.13233088376193,-0.001776771766520746
9.739999999999837,1.9705399999999451,0.30026521465559264,23.127510774274274,-0.0017228756811169532
9.749999999999837,1.894749999999945,0.2886529188955355,23.122683504036942,-0.0016682223574030208
9.759999999999836,1.818959999999945,0.2770437490474059,23.117849157139524,-0.0016127935623296008
9.769999999999836,1.743169999999945,0.2654379462178549,23.113007821559947,-0.001556570855914291
9.779999999999836,1.667379999999945,0.2538357531234044,23.108159589163964,-0.0014995355965365387
9.789999999999836,1.591589999999945,0.24223741390964199,23.103304555699154,-0.001441668946390473
9.799999999999836,1.515799999999945,0.23064317396588901,23.098442820783564,-0.0013829518773748328
9.809999999999835,1.440009999999945,0.2190532797356246,23.093574487888795,-0.0013233651771559218
9.819999999999835,1.364219999999945,0.20746797852322518,23.088699664317506,-0.0012628894555885561
9.829999999999835,1.288429999999945,0.19588751829709805,23.08381846117512,-0.001201505151357668
9.839999999999835,1.2126399999999449,0.18431214748976127,23.078930993335952,-0.001139192538893996
9.849999999999834,1.1368499999999448,0.1727421147953383,23.074037379403485,-0.0010759317355641396
9.859999999999834,1.0610599999999448,0.16117766896462682,23.06913774166495,-0.001011702709067669
9.869999999999834,0.9852699999999448,0.14961905859847163,23.064232206040174,-0.0009464852850624428
9.879999999999834,0.9094799999999448,0.13806653193963447,23.05932090202468,-0.0008802591549833261
9.889999999999834,0.8336899999999448,0.1265203366638119,23.054403962627156,-0.0008130038841076825
9.899999999999833,0.7578999999999447,0.11498071967008366,23.049481524301367,-0.0007446989197059661
9.909999999999833,0.6821099999999447,0.10344792687141258,23.044553726872604,-0.0006753235994386431
9.919999999999833,0.6063199999999447,0.09192220298556553,23.03962071345865,-0.0006048571597762065
9.929999999999833,0.5305299999999447,0.0804037913269734,23.034682630385696,-0.000533278744659943
9.939999999999833,0.45473999999994463,0.06889293360001447,23.029739627099033,-0.00046056741414315927
9.949999999999832,0.3789499999999446,0.05738986969412563,23.0247918560689,-0.00038670215313035827
9.959999999999832,0.3031599999999446,0.04589483748136447,23.019839472691615,-0.00031166188019771113
9.969999999999832,0.2273699999999446,0.03440807261666923,23.01488263518625,-0.00023542545636057177
9.979999999999832,0.1515799999999446,0.02292980834147207,23.009921504486933,-0.00015797169386813636
9.989999999999831,0.0757899999999446,0.011460275291042876,23.00495624413126,-7.927936495374932e-05
0.0,0,1.5005358067199381e-16,20.0,-1.734723475976807e-17
0.01,0.07579,0.010966687984763107,20.00503185364776,-7.031736353211747e-05
0.02,0.15158,0.023416381527944927,20.010310573764226,-0.00013781826782576683
0.03,0.22737,0.03537723367078142,20.015487754673924,-0.0002036964323572409
0.04,0.30316,0.047146995334620495,20.020638980111595,-0.00027091698272035687
0.05,0.37895,0.05893168920510266,20.025785654123222,-0.0003379788856442594
0.060000000000000005,0.45474000000000003,0.07074146183071912,20.03092768919581,-0.0004042906435974382
0.07,0.5305300000000001,0.08256096363550051,20.036063658586365,-0.0004700360710532445
