Time,Pressure,Position_X,Position_Y,Position_Z,Angle
0,0,-1.11022302462516E-16,20,-5.97395397039513E-17,0
0.001,0.08268,-0.000123691859853281,20.00650714186,-0.000100012587559485,-0.0459274419137977
0.002,0.16536,-0.000379287820628293,20.0145783122521,-0.000217764107582572,-0.109569946634688
0.003,0.24804,-0.00067312432726957,20.0222998625829,-0.000344978288256097,-0.171607803149391
0.004,0.33072,-0.000940172579589782,20.0297271885648,-0.000472508343168236,-0.22935890079796
0.005,0.4134,-0.00117122208868298,20.0371179033232,-0.0005948504150762,-0.285592543606523
0.006,0.49608,-0.00138495341261918,20.0445412583538,-0.000713832778864676,-0.342039458166592
0.007,0.57876,-0.00159861418671037,20.0519848701341,-0.000833422612533276,-0.398859898116401
0.008,0.66144,-0.00181780360949696,20.0594352405044,-0.000955569787988839,-0.455768931440992
0.009,0.74412,-0.00204018626294439,20.0668892885027,-0.00108002360810325,-0.512615092489851
0.01,0.8268,-0.00226198191484789,20.0743478017093,-0.00120585603181384,-0.569391571014001
0.011,0.90948,-0.00248129297822058,20.0818115732897,-0.00133251247033901,-0.626125197713808
0.012,0.99216,-0.00269813210975606,20.0892808141439,-0.00145994875219679,-0.682828724757002
0.013,1.07484,-0.00291321933588962,20.0967554775737,-0.00158834236197486,-0.739502839667655
0.014,1.15752,-0.00312709203599093,20.1042355002168,-0.00171784207049572,-0.796145966668504
0.015,1.2402,-0.00333989341769364,20.111720859097,-0.00184849493832036,-0.852757732776886
0.016,1.32288,-0.00355154332897417,20.1192115536637,-0.00198028438786174,-0.909338547756115
0.017,1.40556,-0.00376194141015568,20.1267075857622,-0.00211318425993452,-0.965888883873743
0.018,1.48824,-0.00397105409109022,20.1342089537846,-0.00224718449352923,-1.02240912787973
0.019,1.57092,-0.0041789042679129,20.1417156540945,-0.0023822902872401,-1.07889965798857
0.02,1.6536,-0.00438553183436424,20.1492276828935,-0.00251851207983776,-1.1353608769329
0.021,1.73628,-0.00459096836994216,20.1567450367638,-0.00265585844120809,-1.19179319131194
0.022,1.81896,-0.00479523292914874,20.1642677125242,-0.00279433448977765,-1.24819699279366
0.023,1.90164,-0.00499833820067647,20.1717957070533,-0.00293394334282438,-1.30457265877546
0.024,1.98432,-0.00520029659022109,20.1793290172412,-0.00307468778430946,-1.36092056103814
0.025,2.067,-0.00540112245722651,20.1868676400027,-0.00321657097546539,-1.41724107109307
0.026,2.14968,-0.00560083154653201,20.194411572292,-0.00335959637295068,-1.47353456039723
0.027,2.23236,-0.00579943975851277,20.201960811106,-0.0035037674113119,-1.5298013984959
0.028,2.31504,-0.00599696245441794,20.2095153534817,-0.0036490873020426,-1.58604195168459
0.029,2.39772,-0.00619341439662907,20.2170751964942,-0.00379555900593266,-1.64225658278523
0.03,2.4804,-0.00638880996058011,20.2246403372556,-0.00394318529110479,-1.69844565151392
0.031,2.56308,-0.0065831633160946,20.232210772914,-0.0040919687901842,-1.75460951486166
0.032,2.64576,-0.00677648848679541,20.239786500653,-0.00424191202549695,-1.81074852726799
0.033,2.72844,-0.00696879933158284,20.2473675176911,-0.00439301741065683,-1.86686304064168
0.034,2.81112,-0.007160109512372,20.2549538212808,-0.00454528724589839,-1.92295340434212
0.035,2.8938,-0.0073504324803344,20.2625454087085,-0.0046987237178544,-1.97901996518703
0.036,2.97648,-0.0075397814801601,20.2701422772931,-0.00485332890413153,-2.03506306749318
0.037,3.05916,-0.00772816956118638,20.2777444243863,-0.00500910478003204,-2.09108305313085
0.038,3.14184,-0.00791560958658111,20.2853518473716,-0.00516605322492361,-2.14708026157608
0.039,3.22452,-0.00810211423883972,20.2929645436638,-0.00532417602726078,-2.20305502995391
0.04,3.3072,-0.00828769602299234,20.3005825107088,-0.00548347488877421,-2.25900769307665
0.041,3.38988,-0.00847236726960926,20.3082057459832,-0.00564395142838195,-2.3149385834804
0.042,3.47256,-0.00865614013801319,20.3158342469936,-0.00580560718596012,-2.37084803146187
0.043,3.55524,-0.00883902662021052,20.3234680112765,-0.00596844362614429,-2.42673636511367
0.044,3.63792,-0.00902103854460162,20.3311070363979,-0.00613246214207553,-2.48260391036029
0.045,3.7206,-0.00920218757964597,20.3387513199531,-0.0062976640588355,-2.53845099099246
0.046,3.80328,-0.00938248523735996,20.346400859566,-0.00646405063682202,-2.59427792870037
0.047,3.88596,-0.00956194287656381,20.3540556528895,-0.00663162307492009,-2.65008504310586
0.048,3.96864,-0.00974057170599696,20.3617156976045,-0.0068003825134293,-2.70587265179407
0.049,4.05132,-0.00991838278755985,20.3693809914202,-0.00697033003704041,-2.76164107034348
0.05,4.134,-0.0100953870393074,20.3770515320738,-0.00714146667757331,-2.81739061235647
0.051,4.21668,-0.0102715952384156,20.3847273173303,-0.00731379341653115,-2.87312158948687
0.052,4.29936,-0.010447018023994,20.3924083449818,-0.00748731118772634,-2.92883431146938
0.053,4.38204,-0.0106216659000188,20.4000946128484,-0.00766202087961558,-2.98452908614633
0.054,4.46472,-0.0107955492378755,20.4077861187769,-0.00783792333761439,-3.04020621949468
0.055,4.5474,-0.010968678279112,20.4154828606416,-0.00801501936629161,-3.09586601565178
0.056,4.63008,-0.0111410631380307,20.4231848363435,-0.00819330973147562,-3.15150877694114
0.057,4.71276,-0.0113127138040948,20.4308920438106,-0.00837279516221049,-3.20713480389647
0.058,4.79544,-0.0114836401444345,20.4386044809976,-0.00855347635273277,-3.26274439528646
0.0590000000000001,4.87812,-0.0116538519062068,20.4463221458858,-0.00873535396424786,-3.31833784813792
0.06,4.9608,-0.011823358718936,20.4540450364832,-0.00891842862670045,-3.37391545775883
0.0610000000000001,5.04348,-0.0119921700967031,20.4617731508243,-0.00910270094046213,-3.4294775177605
0.062,5.12616,-0.0121602954403647,20.46950648697,-0.00928817147787941,-3.48502432008011
0.063,5.20884,-0.0123277440396868,20.4772450430077,-0.00947484078480361,-3.5405561550006
0.064,5.29152,-0.0124945250755276,20.4849888170509,-0.00966270938210162,-3.59607331117306
0.065,5.3742,-0.0126606476216714,20.4927378072396,-0.00985177776698138,-3.65157607563631
0.066,5.45688,-0.0128261206469657,20.5004920117402,-0.0100420464143529,-3.70706473383664
0.067,5.53956,-0.0129909530171984,20.5082514287452,-0.0102335157780744,-3.76253956964746
0.068,5.62224,-0.0131551534970244,20.5160160564731,-0.0104261862922099,-3.81800086538857
0.0690000000000001,5.70492,-0.0133187307517288,20.523785893169,-0.0106200583721102,-3.87344890184373
0.07,5.7876,-0.0134816933490405,20.5315609371042,-0.0108151324155784,-3.92888395827986
0.0710000000000001,5.87028,-0.0136440497609315,20.539341186576,-0.0110114088039068,-3.98430631246423
0.072,5.95296,-0.0138058083653157,20.547126639908,-0.0112088879029077,-4.03971624068184
0.0730000000000001,6.03563999999999,-0.0139669774476353,20.55491729545,-0.0114075700638406,-4.09511401775306
0.0740000000000001,6.11831999999999,-0.0141275652026086,20.5627131515781,-0.011607455624289,-4.15049991704837
0.0750000000000001,6.20099999999999,-0.0142875797357355,20.5705142066946,-0.0118085449091366,-4.20587421050724
0.0760000000000001,6.28367999999999,-0.0144470290648367,20.5783204592281,-0.0120108382313545,-4.26123716865183
0.0770000000000001,6.36635999999999,-0.0146059211216344,20.5861319076334,-0.0122143358927559,-4.31658906060372
0.0780000000000001,6.44903999999999,-0.0147642637532128,20.5939485503917,-0.0124190381848275,-4.37193015409911
0.0790000000000001,6.53171999999999,-0.0149220647234417,20.6017703860106,-0.0126249453894189,-4.4272607155035
0.0800000000000001,6.61439999999999,-0.0150793317143924,20.6095974130238,-0.0128320577794198,-4.48258100982628
0.0810000000000001,6.69707999999999,-0.0152360723277838,20.6174296299917,-0.0130403756194246,-4.53789130073534
0.0820000000000001,6.77975999999999,-0.0153922940862286,20.6252670355011,-0.0132498991663904,-4.59319185057083
0.0830000000000001,6.86243999999999,-0.0155480044345636,20.6331096281649,-0.0134606286701885,-4.64848292035943
0.0840000000000001,6.94511999999999,-0.0157032107412716,20.6409574066232,-0.0136725643742096,-4.70376476982763
0.0850000000000001,7.02779999999999,-0.01585792029961,20.648810369542,-0.013885706515855,-4.75903765741468
0.0860000000000001,7.11047999999999,-0.016012140328887,20.6566685156142,-0.0141000553271016,-4.81430184028614
0.0870000000000001,7.19315999999999,-0.0161658779756689,20.6645318435593,-0.0143156110349966,-4.86955757434648
0.0880000000000001,7.27583999999999,-0.01631914031496,20.6724003521235,-0.0145323738620675,-4.92480511425158
0.0890000000000001,7.35851999999999,-0.0164719343513329,20.6802740400798,-0.0147503440267613,-4.98004471342057
0.0900000000000001,7.44119999999999,-0.016624267020105,20.6881529062277,-0.0149695217439781,-5.03527662404896
0.0910000000000001,7.52387999999999,-0.016776145188405,20.6960369493938,-0.0151899072253212,-5.09050109711935
0.0920000000000001,7.60655999999999,-0.0169275756562711,20.7039261684314,-0.0154115006795202,-5.14571838241384
0.0930000000000001,7.68923999999999,-0.0170785651577287,20.711820562221,-0.0156343023128725,-5.20092872852481
0.0940000000000001,7.77191999999999,-0.0172291203617466,20.7197201296697,-0.0158583123294461,-5.25613238286711
0.0950000000000001,7.85459999999999,-0.0173792478733429,20.7276248697118,-0.0160835309315325,-5.31132959168779
0.0960000000000001,7.93727999999999,-0.017528954234527,20.7355347813087,-0.0163099583198126,-5.36652060007833
0.0970000000000001,8.01995999999999,-0.0176782459252837,20.7434498634488,-0.0165375946937404,-5.42170565198368
0.0980000000000001,8.10263999999999,-0.0178271293645306,20.7513701151479,-0.0167664402517922,-5.47688499021434
0.0990000000000001,8.18531999999999,-0.0179756109109952,20.7592955354488,-0.0169964951917273,-5.53205885645572
0.1,8.26799999999999,-0.0181236968642821,20.7672261234215,-0.0172277597108004,-5.58722749127813
0.101,8.35067999999999,-0.0182713934655103,20.7751618781637,-0.0174602340059526,-5.64239113414727
0.102,8.43335999999999,-0.0184187068984125,20.7831027987999,-0.0176939182741277,-5.69755002343355
0.103,8.51603999999999,-0.0185656432901195,20.7910488844827,-0.0179288127123906,-5.75270439642182
0.104,8.59871999999999,-0.0187122087119472,20.7990001343916,-0.0181649175181513,-5.80785448932107
0.105,8.68139999999999,-0.0188584091802632,20.8069565477339,-0.018402232889291,-5.86300053727311
0.106,8.76407999999999,-0.019004250657331,20.8149181237444,-0.0186407590243489,-5.91814277436272
0.107,8.84675999999999,-0.0191497390520137,20.8228848616856,-0.0188804961227044,-5.97328143362531
0.108,8.92943999999999,-0.0192948802205888,20.8308567608474,-0.0191214443846497,-6.02841674705664
0.109,9.01211999999999,-0.0194396799675035,20.8388338205477,-0.0193636040116102,-6.08354894562182
0.11,9.09479999999999,-0.0195841440461291,20.8468160401321,-0.0196069752061818,-6.13867825926273
0.111,9.17747999999999,-0.0197282781595035,20.8548034189738,-0.0198515581722715,-6.19380491690797
0.112,9.26015999999999,-0.0198720879609346,20.8627959564742,-0.0200973531151724,-6.24892914647937
0.113,9.34283999999999,-0.02001557905486,20.8707936520622,-0.0203443602417211,-6.30405117490168
0.114,9.42551999999999,-0.0201587569973735,20.878796505195,-0.0205925797603077,-6.35917122810999
0.115,9.50819999999999,-0.020301627296998,20.8868045153574,-0.0208420118810162,-6.41428953105793
0.116,9.59087999999999,-0.0204441954153605,20.8948176820626,-0.0210926568156397,-6.46940630772487
0.117,9.67355999999999,-0.0205864667677247,20.9028360048517,-0.0213445147777532,-6.52452178112416
0.118,9.75623999999999,-0.0207284467237236,20.9108594832938,-0.021597585982771,-6.57963617331078
0.119,9.83891999999999,-0.0208701406079633,20.9188881169861,-0.0218518706480022,-6.63474970538809
0.12,9.92159999999999,-0.0210115537005331,20.9269219055545,-0.0221073689926898,-6.68986259751617
0.121,10.00428,-0.0211526912377281,20.9349608486524,-0.0223640812380087,-6.74497506891849
0.122,10.08696,-0.0212935584125808,20.943004945962,-0.0226220076071431,-6.80008733788859
0.123,10.16964,-0.0214341603754473,20.9510541971934,-0.0228811483252321,-6.85519962179841
0.124,10.25232,-0.0215745022344795,20.9591086020853,-0.0231415036195473,-6.91031213710402
0.125,10.335,-0.021714589056353,20.9671681604046,-0.0234030737192592,-6.96542509935277
0.126,10.41768,-0.0218544258665974,20.9752328719468,-0.0236658588556404,-7.02053872319051
0.127,10.50036,-0.0219940176503113,20.9833027365356,-0.0239298592620132,-7.07565322236783
0.128,10.58304,-0.0221333693525587,20.9913777540232,-0.0241950751736379,-7.13076880974598
0.129,10.66572,-0.0222724858789288,20.9994579242903,-0.0244615068278736,-7.18588569730466
0.13,10.7484,-0.022411372096026,21.0075432472463,-0.0247291544640426,-7.24100409614752
0.131,10.83108,-0.0225500328319325,21.0156337228288,-0.0249980183234684,-7.29612421650853
0.132,10.91376,-0.0226884728767101,21.0237293510043,-0.0252680986494277,-7.35124626775826
0.133,10.99644,-0.022826696982854,21.0318301317676,-0.0255393956871061,-7.40637045840999
0.134,11.07912,-0.0229647098658492,21.0399360651423,-0.0258119096835876,-7.46149699612559
0.135,11.1618,-0.0231025162044465,21.0480471511806,-0.0260856408878448,-7.51662608772169
0.136,11.24448,-0.0232401206412557,21.0561633899634,-0.0263605895506846,-7.57175793917553
0.137,11.32716,-0.0233775277831207,21.0642847816002,-0.0266367559246551,-7.62689275563019
0.138,11.40984,-0.0235147422015274,21.0724113262293,-0.0269141402640575,-7.68203074140101
0.139,11.49252,-0.0236517684330376,21.0805430240177,-0.0271927428249081,-7.73717209998082
0.14,11.5752,-0.0237886109797395,21.088679875161,-0.027472563864827,-7.79231703404525
0.141,11.65788,-0.0239252743096244,21.0968218798838,-0.0277536036430308,-7.84746574545943
0.142,11.74056,-0.0240617628569126,21.1049690384393,-0.0280358624202722,-7.90261843528107
0.143,11.82324,-0.0241980810225437,21.1131213511096,-0.0283193404587554,-7.9577753037685
0.144,11.90592,-0.0243342331744838,21.1212788182054,-0.028604038022098,-8.01293655038383
0.145,11.9886,-0.0244702236481404,21.1294414400666,-0.0288899553752555,-8.06810237379893
0.146,12.07128,-0.0246060567466944,21.1376092170617,-0.0291770927844543,-8.12327297190102
0.147,12.15396,-0.0247417367414857,21.1457821495877,-0.0294654505171337,-8.17844854179638
0.148,12.23664,-0.0248772678723597,21.1539602380712,-0.0297550288418341,-8.23362927981711
0.149,12.31932,-0.0250126543479893,21.162143482967,-0.0300458280281986,-8.28881538152409
0.15,12.402,-0.0251479003461942,21.1703318847591,-0.0303378483468078,-8.34400704171348
0.151,12.48468,-0.0252830100143294,21.1785254439603,-0.0306310900691713,-8.39920445442084
0.152,12.56736,-0.0254179874695705,21.1867241611122,-0.0309255534676508,-8.45440781292574
0.153,12.65004,-0.0255528367992092,21.1949280367854,-0.031221238815284,-8.50961730975649
0.154,12.73272,-0.0256875620610322,21.2031370715794,-0.0315181463858324,-8.56483313669473
0.155,12.8154,-0.0258221672835717,21.2113512661224,-0.0318162764535758,-8.6200554847803
0.156,12.89808,-0.0259566564664035,21.2195706210716,-0.032115629293315,-8.67528454431543
0.157,12.98076,-0.0260910335804405,21.2277951371133,-0.0324162051802704,-8.73052050486904
0.158,13.06344,-0.0262253025682589,21.2360248149623,-0.0327180043899697,-8.78576355528139
0.159,13.14612,-0.0263594673443424,21.2442596553625,-0.0330210271980912,-8.84101388366828
0.16,13.2288,-0.026493531795356,21.2524996590867,-0.0333252738805311,-8.89627167742523
0.161,13.31148,-0.0266274997804509,21.2607448269366,-0.0336307447131902,-8.95153712323203
0.162,13.39416,-0.0267613751314278,21.2689951597427,-0.0339374399718996,-9.00681040705604
0.163,13.47684,-0.0268951616531355,21.2772506583643,-0.034245359932343,-9.06209171415738
0.164,13.55952,-0.0270288631236284,21.2855113236898,-0.0345545048699714,-9.11738122909244
0.165,13.6422,-0.0271624832944621,21.2937771566362,-0.0348648750598443,-9.17267913571769
0.166,13.72488,-0.0272960258908908,21.3020481581497,-0.0351764707766253,-9.22798561719383
0.167,13.80756,-0.0274294946121095,21.3103243292048,-0.0354892922943914,-9.28330085598987
0.168,13.89024,-0.0275628931315355,21.3186056708055,-0.0358033398865966,-9.33862503388644
0.169,13.97292,-0.0276962250970255,21.3268921839839,-0.0361186138259316,-9.39395833198021
0.17,14.0556,-0.0278294941310398,21.3351838698016,-0.0364351143842288,-9.44930093068679
0.171,14.13828,-0.0279627038308927,21.3434807293485,-0.0367528418323838,-9.50465300974583
0.172,14.22096,-0.0280958577689904,21.3517827637435,-0.0370717964402017,-9.56001474822296
0.173,14.30364,-0.0282289594930091,21.3600899741342,-0.0373919784763433,-9.61538632451482
0.174,14.38632,-0.0283620125260843,21.368402361697,-0.0377133882082133,-9.67076791635139
0.175,14.469,-0.0284950203670689,21.376719927637,-0.0380360259017877,-9.72615970080051
0.176,14.55168,-0.0286279864906726,21.3850426731881,-0.0383598918216348,-9.78156185427118
0.177,14.63436,-0.0287609143476701,21.3933705996128,-0.0386849862306519,-9.83697455251615
0.178,14.71704,-0.0288938073651018,21.4017037082023,-0.0390113093900754,-9.89239797063616
0.179,14.79972,-0.0290266689463959,21.4100420002765,-0.0393388615593238,-9.94783228308289
0.18,14.8824,-0.0291595024716304,21.4183854771839,-0.0396676429959185,-10.0032776636627
0.181,14.96508,-0.0292923112976541,21.4267341403016,-0.0399976539553132,-10.058734285539
0.182,15.04776,-0.0294250987582772,21.4350879910355,-0.0403288946908589,-10.114202321236
0.183,15.13044,-0.0295578681643845,21.4434470308198,-0.0406613654535686,-10.1696819426421
0.184,15.21312,-0.0296906228041504,21.4518112611174,-0.0409950664922376,-10.2251733210127
0.185,15.2958,-0.0298233659432071,21.4601806834198,-0.0413299980531117,-10.2806766269732
0.186,15.37848,-0.0299561008247505,21.4685552992468,-0.0416661603798459,-10.3361920305219
0.187,15.46116,-0.0300888306697232,21.4769351101469,-0.0420035537133798,-10.3917197010337
0.188,15.54384,-0.0302215586769056,21.4853201176968,-0.0423421782918886,-10.447259807262
0.189,15.62652,-0.0303542880231427,21.4937103235019,-0.0426820343506003,-10.5028125173425
0.19,15.7092,-0.0304870218633991,21.5021057291957,-0.0430231221217103,-10.558377998796
0.191,15.79188,-0.0306197633309738,21.5105063364405,-0.0433654418342641,-10.6139564185306
0.192,15.87456,-0.0307525155375266,21.5189121469265,-0.0437089937140268,-10.6695479428452
0.193,15.95724,-0.0308852815733141,21.5273231623724,-0.0440537779833992,-10.7251527374312
0.194,16.03992,-0.0310180645072101,21.5357393845253,-0.0443997948612962,-10.7807709673773
0.195,16.1226,-0.0311508673869604,21.5441608151602,-0.0447470445629953,-10.8364027971698
0.196,16.20528,-0.0312836932391252,21.5525874560806,-0.0450955273000875,-10.8920483906966
0.197,16.28796,-0.0314165450693036,21.5610193091182,-0.0454452432802985,-10.9477079112494
0.198,16.37064,-0.031549425862292,21.5694563761326,-0.04579619270739,-11.0033815215269
0.199,16.45332,-0.0316823385820374,21.5778986590119,-0.0461483757811202,-11.059069383636
0.2,16.536,-0.03181528617183,21.5863461596719,-0.0465017926969708,-11.1147716590962
0.201,16.61868,-0.031948271554389,21.5947988800565,-0.0468564436461764,-11.17048850884
0.202,16.70136,-0.032081297632003,21.6032568221379,-0.0472123288155673,-11.2262200932173
0.203,16.78404,-0.0322143672865543,21.611719987916,-0.0475694483873887,-11.2819665719957
0.204,16.86672,-0.0323474833796472,21.6201883794188,-0.0479278025392667,-11.3377281043649
0.205,16.9494,-0.0324806487527072,21.6286619987019,-0.0482873914440819,-11.3935048489381
0.206,17.03208,-0.0326138662269639,21.6371408478492,-0.0486482152698347,-11.4492969637542
0.207,17.11476,-0.0327471386036469,21.6456249289721,-0.0490102741794664,-11.5051046062798
0.208,17.19744,-0.0328804686640358,21.6541142442098,-0.0493735683308865,-11.5609279334126
0.209,17.28012,-0.0330138591694969,21.6626087957294,-0.0497380978767267,-11.6167671014823
0.21,17.3628,-0.0331473128616235,21.6711085857256,-0.0501038629642687,-11.6726222662535
0.211,17.44548,-0.0332808324622185,21.6796136164207,-0.0504708637353867,-11.7284935829279
0.212,17.52816,-0.0334144206733931,21.6881238900648,-0.0508391003263134,-11.7843812061457
0.213,17.61084,-0.0335480801776772,21.6966394089353,-0.0512085728675954,-11.8402852899883
0.214,17.69352,-0.0336818136379773,21.7051601753375,-0.0515792814840095,-11.8962059879803
0.215,17.7762,-0.0338156236977324,21.7136861916038,-0.0519512262943774,-11.9521434530915
0.216,17.85888,-0.0339495129809098,21.7222174600944,-0.0523244074114764,-12.0080978377385
0.217,17.94156,-0.0340834840920834,21.7307539831965,-0.0526988249419416,-12.0640692937869
0.218,18.02424,-0.0342175396164621,21.739295763325,-0.0530744789861281,-12.1200579725536
0.219,18.10692,-0.0343516821199457,21.7478428029221,-0.0534513696379667,-12.1760640248081
0.22,18.1896,-0.0344859141491656,21.756395104457,-0.0538294969849346,-12.2320876007744
0.221,18.27228,-0.0346202382315267,21.7649526704263,-0.0542088611078722,-12.2881288501334
0.222,18.35496,-0.0347546568752283,21.7735155033538,-0.0545894620808289,-12.344187922024
0.223,18.43764,-0.0348891725693284,21.7820836057903,-0.0549712999710942,-12.4002649650454
0.224,18.52032,-0.0350237877837188,21.7906569803137,-0.0553543748388989,-12.4563601272586
0.225,18.603,-0.0351585049692366,21.7992356295291,-0.0557386867374742,-12.5124735561879
0.226,18.68568,-0.035293326557647,21.8078195560684,-0.05612423571278,-12.5686053988235
0.227,18.76836,-0.0354282549616304,21.8164087625904,-0.0565110218034846,-12.6247558016219
0.228,18.85104,-0.035563292574852,21.8250032517809,-0.056899045040838,-12.6809249105081
0.229,18.93372,-0.0356984417719579,21.8336030263526,-0.057288305448556,-12.7371128708779
0.23,19.0164,-0.0358337049086315,21.8422080890446,-0.0576788030426914,-12.7933198275978
0.231,19.09908,-0.0359690843215597,21.8508184426233,-0.0580705378314903,-12.8495459250086
0.232,19.18176,-0.0361045823284498,21.8594340898814,-0.0584635098153276,-12.9057913069248
0.233,19.26444,-0.0362402012280338,21.8680550336381,-0.0588577189866548,-12.9620561166384
0.234,19.34712,-0.0363759433001126,21.8766812767395,-0.0592531653297107,-13.0183404969184
0.235,19.4298,-0.0365118108055489,21.8853128220582,-0.0596498488205469,-13.0746445900128
0.236,19.51248,-0.0366478059862073,21.8939496724931,-0.0600477694268634,-13.1309685376506
0.237,19.59516,-0.0367839310650117,21.9025918309695,-0.0604469271079411,-13.1873124810427
0.238,19.67784,-0.0369201882459308,21.9112393004391,-0.0608473218144747,-13.2436765608834
0.239,19.76052,-0.0370565797139805,21.9198920838802,-0.0612489534884773,-13.3000609173516
0.24,19.8432,-0.0371931076352132,21.9285501842969,-0.0616518220631671,-13.3564656901122
0.241,19.92588,-0.037329774156649,21.9372136047197,-0.0620559274629036,-13.4128910183174
0.242,20.00856,-0.0374665814063737,21.9458823482054,-0.0624612696029717,-13.469337040608
0.243,20.09124,-0.0376035314933938,21.9545564178366,-0.0628678483895493,-13.5258038951146
0.244,20.17392,-0.037740626507704,21.9632358167222,-0.0632756637196298,-13.5822917194586
0.245,20.2566,-0.0378778685202406,21.9719205479968,-0.0636847154808399,-13.6388006507539
0.246,20.33928,-0.0380152595829069,21.9806106148211,-0.0640950035513303,-13.6953308256076
0.247,20.42196,-0.0381528017284317,21.9893060203818,-0.0645065277996685,-13.751882380121
0.248,20.50464,-0.0382904969704775,21.998006767891,-0.0649192880848072,-13.8084554498918
0.249,20.58732,-0.0384283473034992,22.006712860587,-0.0653332842558584,-13.8650501700134
0.25,20.67,-0.0385663547027938,22.0154243017335,-0.0657485161521155,-13.9216666750777
0.251,20.75268,-0.0387045211243967,22.02414109462,-0.0661649836027827,-13.9783050991753
0.252,20.83536,-0.038842848505085,22.0328632425613,-0.0665826864270135,-14.0349655758962
0.253,20.91804,-0.0389813387623782,22.0415907488981,-0.0670016244336992,-14.0916482383317
0.254,21.00072,-0.0391199937943765,22.0503236169963,-0.0674217974215083,-14.1483532190747
0.255,21.0834,-0.0392588154798439,22.0590618502473,-0.0678432051785838,-14.205080650221
0.256,21.16608,-0.0393978056780826,22.0678054520678,-0.0682658474825662,-14.26183066337
0.257,21.24876,-0.0395369662289209,22.0765544258998,-0.0686897241004179,-14.3186033896256
0.258,21.33144,-0.0396762989526818,22.0853087752106,-0.0691148347884162,-14.3753989595973
0.259,21.41412,-0.0398158056500816,22.0940685034925,-0.0695411792919224,-14.4322175034009
0.26,21.4968,-0.0399554881021479,22.102833614263,-0.0699687573454092,-14.4890591506596
0.261,21.57948,-0.040095348070297,22.1116041110647,-0.0703975686722696,-14.5459240305043
0.262,21.66216,-0.0402353872961111,22.120379997465,-0.0708276129846779,-14.6028122715746
0.263,21.74484,-0.0403756075013744,22.1291612770563,-0.0712588899835993,-14.6597240020206
0.264,21.82752,-0.040516010388058,22.137947953456,-0.0716913993586294,-14.7166593495013
0.265,21.9102,-0.0406565976380831,22.1467400303061,-0.07212514078783,-14.7736184411879
0.266,21.99288,-0.0407973709134401,22.1555375112735,-0.0725601139377444,-14.830601403763
0.267,22.07556,-0.0409383318559792,22.1643404000496,-0.0729963184632784,-14.887608363422
0.268,22.15824,-0.0410794820873815,22.1731487003505,-0.073433754007467,-14.9446394458727
0.269,22.24092,-0.0412208232091585,22.1819624159169,-0.0738724202015576,-15.0016947763376
0.27,22.3236,-0.0413623568024804,22.1907815505138,-0.0743123166647687,-15.0587744795531
0.271,22.40628,-0.0415040844281419,22.1996061079309,-0.0747534430042852,-15.1158786797709
0.272,22.48896,-0.0416460076264337,22.2084360919821,-0.0751957988151132,-15.1730075007581
0.273,22.57164,-0.0417881279171329,22.2172715065056,-0.0756393836799687,-15.2301610657984
0.274,22.65432,-0.0419304467993734,22.2261123553638,-0.0760841971692487,-15.287339497692
0.275,22.737,-0.042072965751538,22.2349586424433,-0.0765302388408543,-15.3445429187563
0.276,22.81968,-0.0422156862312467,22.2438103716548,-0.0769775082401441,-15.4017714508269
0.277,22.90236,-0.0423586096752128,22.2526675469332,-0.0774260048998147,-15.4590252152575
0.278,22.98504,-0.0425017374990854,22.2615301722371,-0.0778757283398949,-15.5163043329206
0.279,23.06772,-0.0426450710974957,22.2703982515492,-0.0783266780674841,-15.5736089242081
0.28,23.1504,-0.0427886118438597,22.2792717888759,-0.0787788535767777,-15.6309391090315
0.281,23.23308,-0.0429323610902798,22.2881507882476,-0.0792322543489644,-15.6882950068222
0.282,23.31576,-0.0430763201674802,22.2970352537183,-0.0796868798521403,-15.7456767365323
0.283,23.39844,-0.0432204903847051,22.3059251893657,-0.0801427295411779,-15.8030844166352
0.284,23.48112,-0.0433648730296112,22.314820599291,-0.0805998028576737,-15.8605181651251
0.285,23.5638,-0.0435094693680736,22.3237214876189,-0.0810580992298336,-15.9179780995179
0.286,23.64648,-0.0436542806442387,22.3326278584978,-0.0815176180724231,-15.9754643368517
0.287,23.72916,-0.0437993080802432,22.3415397160992,-0.0819783587866247,-16.0329769936867
0.288,23.81184,-0.0439445528762017,22.3504570646181,-0.082440320759994,-16.0905161861055
0.289,23.89452,-0.0440900162100971,22.3593799082727,-0.0829035033663693,-16.1480820297139
0.29,23.9772,-0.0442356992375734,22.3683082513046,-0.0833679059657263,-16.2056746396406
0.291,24.05988,-0.0443816030919204,22.3772420979782,-0.0838335279042646,-16.2632941305377
0.292,24.14256,-0.0445277288838615,22.3861814525812,-0.0843003685141206,-16.3209406165809
0.293,24.22524,-0.0446740777014831,22.3951263194241,-0.0847684271134045,-16.3786142114699
0.294,24.30792,-0.0448206506100854,22.4040767028407,-0.0852377030061061,-16.4363150284281
0.295,24.3906,-0.0449674486521022,22.4130326071872,-0.0857081954819463,-16.4940431802033
0.296,24.47328,-0.0451144728468629,22.421994036843,-0.0861799038163892,-16.5517987790677
0.297,24.55596,-0.0452617241905511,22.4309609962101,-0.0866528272705346,-16.6095819368178
0.298,24.63864,-0.0454092036560415,22.439933489713,-0.087126965091055,-16.6673927647752
0.299,24.72132,-0.0455569121927955,22.448911521799,-0.0876023165100637,-16.7252313737853
0.3,24.804,-0.045704850726634,22.457895096938,-0.0880788807450645,-16.7830978742196
0.301,24.88668,-0.0458530201596851,22.4668842196223,-0.0885566569989201,-16.8409923759737
0.302,24.96936,-0.0460014213701491,22.4758788943663,-0.0890356444597529,-16.8989149884685
0.303,25.05204,-0.0461500552123014,22.4848791257073,-0.0895158423008693,-16.9568658206499
0.304,25.13472,-0.04629892251618,22.4938849182045,-0.0899972496806961,-17.0148449809897
0.305,25.2174,-0.0464480240875297,22.5028962764394,-0.0904798657426691,-17.0728525774834
0.306,25.30008,-0.0465973607076204,22.5119132050156,-0.0909636896152435,-17.1308887176528
0.307,25.38276,-0.0467469331330905,22.5209357085589,-0.0914487204118217,-17.1889535085448
0.308,25.46544,-0.0468967420958419,22.529963791717,-0.0919349572305782,-17.2470470567311
0.309,25.54812,-0.0470467883027622,22.5389974591594,-0.0924223991545267,-17.3051694683086
0.31,25.6308,-0.0471970724357532,22.5480367155778,-0.092911045251382,-17.3633208489
0.311,25.71348,-0.0473475951513103,22.5570815656856,-0.0934008945735402,-17.421501303652
0.312,25.79616,-0.0474983570806137,22.5661320142177,-0.0938919461579887,-17.4797109372374
0.313,25.87884,-0.0476493588291923,22.5751880659311,-0.0943841990262452,-17.5379498538527
0.314,25.96152,-0.0478006009768416,22.5842497256039,-0.0948776521843696,-17.5962181572205
0.315,26.0442,-0.0479520840774184,22.5933169980363,-0.0953723046227898,-17.6545159505876
0.316,26.12688,-0.0481038086586312,22.6023898880494,-0.0958681553163567,-17.7128433367253
0.317,26.20956,-0.0482557752219522,22.6114684004864,-0.0963652032242218,-17.7712004179294
0.318,26.29224,-0.0484079842423945,22.6205525402111,-0.0968634472898067,-17.8295872960205
0.319,26.37492,-0.0485604361682739,22.629642312109,-0.0973628864407683,-17.8880040723428
0.32,26.4576,-0.0487131314211118,22.6387377210869,-0.0978635195889482,-17.9464508477652
0.321,26.54028,-0.0488660703954568,22.6478387720724,-0.0983653456303278,-18.00492772268
0.322,26.62296,-0.0490192534585793,22.6569454700146,-0.0988683634449138,-18.0634347970034
0.323,26.70564,-0.0491726809504723,22.6660578198831,-0.0993725718968226,-18.1219721701752
0.324,26.78832,-0.0493263531834482,22.6751758266691,-0.099877969834117,-18.1805399411583
0.325,26.871,-0.0494802704421101,22.684299495384,-0.100384556088868,-18.239138208439
0.326,26.95368,-0.04963443298308,22.6934288310605,-0.100892329477034,-18.2977670700258
0.327,27.03636,-0.0497888410348454,22.7025638387519,-0.101401288798462,-18.3564266234506
0.328,27.11904,-0.0499434947974833,22.7117045235322,-0.101911432836873,-18.4151169657675
0.329,27.20172,-0.0500983944425763,22.7208508904959,-0.102422760359778,-18.4738381935523
0.33,27.2844,-0.0502535401128756,22.7300029447583,-0.10293527011848,-18.5325904029036
0.331,27.36708,-0.05040893192217,22.739160691455,-0.103448960848029,-18.5913736894401
0.332,27.44976,-0.0505645699551083,22.7483241357421,-0.103963831267203,-18.6501881483031
0.333,27.53244,-0.0507204542669346,22.7574932827962,-0.104479880078512,-18.7090338741547
0.334,27.61512,-0.0508765848832576,22.7666681378138,-0.104997105968108,-18.7679109611772
0.335,27.6978,-0.0510329617999002,22.7758487060121,-0.105515507605838,-18.8268195030739
0.336,27.78048,-0.0511895849826105,22.7850349926282,-0.106035083645148,-18.8857595930678
0.337,27.86316,-0.051346454366938,22.7942270029196,-0.106555832723106,-18.9447313239015
0.338,27.94584,-0.0515035698579188,22.8034247421633,-0.107077753460411,-19.0037347878377
0.339,28.02852,-0.0516609313298779,22.8126282156568,-0.107600844461336,-19.0627700766578
0.34,28.1112,-0.0518185386262481,22.8218374287174,-0.108125104313761,-19.1218372816618
0.341,28.19388,-0.0519763915592358,22.8310523866821,-0.108650531589067,-19.1809364936681
0.342,28.27656,-0.0521344899097311,22.8402730949079,-0.109177124842284,-19.2400678030138
0.343,28.35924,-0.0522928334269609,22.8494995587713,-0.109704882611912,-19.2992312995528
0.344,28.44192,-0.0524514218283476,22.8587317836688,-0.110233803420079,-19.3584270726566
0.345,28.5246,-0.0526102547991755,22.8679697750161,-0.110763885772435,-19.4176552112135
0.346,28.60728,-0.0527693319924019,22.8772135382489,-0.111295128158234,-19.476915803629
0.347,28.68996,-0.0529286530283912,22.886463078822,-0.111827529050198,-19.5362089378238
0.348,28.77264,-0.0530882174947154,22.8957184022099,-0.112361086904715,-19.5955347012351
0.349,28.85532,-0.0532480249458942,22.9049795139062,-0.112895800161695,-19.6548931808146
0.35,28.938,-0.0534080749030599,22.9142464194242,-0.113431667244638,-19.7142844630294
0.351,29.02068,-0.0535683668538333,22.923519124296,-0.113968686560697,-19.7737086338613
0.352,29.10336,-0.0537289002519874,22.9327976340732,-0.11450685650059,-19.8331657788061
0.353,29.18604,-0.0538896745172599,22.9420819543265,-0.11504617543874,-19.8926559828727
0.354,29.26872,-0.0540506890349957,22.9513720906456,-0.115586641733171,-19.9521793305841
0.355,29.3514,-0.0542119431559371,22.9606680486392,-0.116128253725667,-20.0117359059756
0.356,29.43408,-0.0543734361960135,22.9699698339349,-0.11667100974166,-20.0713257925949
0.357,29.51676,-0.0545351674359685,22.9792774521794,-0.117214908090376,-20.1309490735017
0.358,29.59944,-0.0546971361211697,22.9885909090381,-0.117759947064792,-20.1906058312672
0.359,29.68212,-0.0548593414613409,22.9979102101953,-0.118306124941745,-20.250296147974
0.36,29.7648,-0.0550217826302037,23.0072353613538,-0.118853439981934,-20.3100201052148
0.361,29.84748,-0.0551844587653444,23.0165663682352,-0.119401890429916,-20.369777784093
0.362,29.93016,-0.0553473689677848,23.0259032365799,-0.119951474514199,-20.429569265221
0.363,30.01284,-0.0555105123017938,23.0352459721467,-0.120502190447315,-20.4893946287211
0.364,30.09552,-0.0556738877945821,23.0445945807128,-0.121054036425821,-20.5492539542245
0.365,30.1782,-0.0558374944359769,23.053949068074,-0.121607010630389,-20.6091473208704
0.366,30.26088,-0.056001331178227,23.0633094400446,-0.122161111225859,-20.6690748073059
0.367,30.34356,-0.0561653969356277,23.072675702457,-0.122716336361308,-20.7290364916861
0.368,30.42624,-0.0563296905842903,23.082047861162,-0.123272684170048,-20.7890324516726
0.369,30.50892,-0.0564942109617558,23.0914259220289,-0.123830152769728,-20.8490627644337
0.37,30.5916,-0.0566589568667579,23.1008098909448,-0.124388740262526,-20.9091275066441
0.371,30.67428,-0.0568239270589519,23.1101997738153,-0.124948444735031,-20.9692267544839
0.372,30.75696,-0.0569891202585727,23.1195955765637,-0.125509264258444,-21.0293605836382
0.373,30.83964,-0.0571545351460903,23.1289973051318,-0.12607119688859,-21.0895290692974
0.374,30.92232,-0.0573201703620052,23.1384049654791,-0.126634240666096,-21.149732286156
0.375,31.005,-0.0574860245064487,23.1478185635831,-0.127198393616382,-21.2099703084121
0.376,31.08768,-0.0576520961388985,23.1572381054393,-0.127763653749832,-21.270243209768
0.377,31.17036,-0.0578183837778171,23.166663597061,-0.128330019061812,-21.3305510634279
0.378,31.25304,-0.0579848859004287,23.1760950444794,-0.128897487532851,-21.3908939420997
0.379,31.33572,-0.0581516009423137,23.1855324537432,-0.129466057128681,-21.4512719179925
0.38,31.4184,-0.0583185272971481,23.1949758309192,-0.130035725800388,-21.5116850628178
0.381,31.50108,-0.0584856633163272,23.2044251820916,-0.130606491484476,-21.5721334477875
0.382,31.58376,-0.0586530073086196,23.2138805133625,-0.131178352103079,-21.6326171436156
0.383,31.66644,-0.0588205575399172,23.2233418308512,-0.131751305563972,-21.6931362205156
0.384,31.74912,-0.0589883122327688,23.2328091406951,-0.132325349760748,-21.7536907482011
0.385,31.8318,-0.0591562695662275,23.2422824490486,-0.132900482572921,-21.8142807958856
0.386,31.91448,-0.0593244276753183,23.2517617620839,-0.133476701866115,-21.8749064322815
0.387,31.99716,-0.0594927846508627,23.2612470859905,-0.134054005492182,-21.9355677256007
0.388,32.07984,-0.0596613385389626,23.2707384269754,-0.134632391289257,-21.9962647435526
0.389,32.16252,-0.0598300873407957,23.2802357912629,-0.135211857082038,-22.0569975533451
0.39,32.2452,-0.059999029012181,23.2897391850947,-0.135792400681868,-22.117766221684
0.391,32.32788,-0.0601681614632848,23.2992486147296,-0.136374019886906,-22.1785708147722
0.392,32.41056,-0.0603374825581668,23.3087640864439,-0.136956712482219,-22.2394113983092
0.393,32.49324,-0.0605069901145362,23.3182856065311,-0.13754047624006,-22.3002880374916
0.394,32.57592,-0.0606766819033155,23.3278131813017,-0.138125308919989,-22.3612007970118
0.395,32.6586,-0.060846555648248,23.3373468170836,-0.138711208269013,-22.4221497410586
0.396,32.74128,-0.0610166090256606,23.3468865202218,-0.139298172021831,-22.4831349333159
0.397,32.82396,-0.0611868396639617,23.3564322970782,-0.139886197900975,-22.5441564369635
0.398,32.90664,-0.0613572451432587,23.3659841540322,-0.140475283617007,-22.6052143146754
0.399,32.98932,-0.0615278229950927,23.3755420974797,-0.141065426868729,-22.6663086286209
0.4,33.072,-0.06169857070195,23.385106133834,-0.141656625343323,-22.7274394404633
0.401,33.15468,-0.0618694856969785,23.3946762695255,-0.142248876716686,-22.78860681136
0.402,33.23736,-0.0620405653635013,23.4042525110012,-0.142842178653487,-22.8498108019626
0.403,33.32004,-0.0622118070346193,23.4138348647255,-0.143436528807536,-22.911051472416
0.404,33.40272,-0.0623832079929522,23.4234233371794,-0.144031924821882,-22.9723288823589
0.405,33.4854,-0.0625547654701474,23.4330179348609,-0.144628364329117,-23.0336430909225
0.406,33.56808,-0.0627264766464558,23.4426186642851,-0.145225844951537,-23.0949941567312
0.407,33.65076,-0.0628983386503691,23.4522255319837,-0.14582436430146,-23.1563821379024
0.408,33.73344,-0.0630703485582312,23.4618385445056,-0.146423919981402,-23.2178070920457
0.409,33.81612,-0.0632425033937726,23.4714577084162,-0.147024509584414,-23.2792690762634
0.41,33.8988,-0.0634148001277524,23.4810830302981,-0.147626130694273,-23.3407681471497
0.411,33.98148,-0.06358723567753,23.4907145167504,-0.148228780885748,-23.4023043607913
0.412,34.06416,-0.0637598069065968,23.5003521743893,-0.148832457724886,-23.4638777727665
0.413,34.14684,-0.0639325106242558,23.5099960098477,-0.149437158769296,-23.5254884381457
0.414,34.22952,-0.0641053435851328,23.5196460297755,-0.15004288156844,-23.5871364114913
0.415,34.3122,-0.0642783024886964,23.529302240839,-0.150649623663852,-23.6488217468567
0.416,34.3948800000001,-0.0644513839789211,23.5389646497217,-0.151257382589491,-23.7105444977877
0.417,34.4775600000001,-0.0646245846438267,23.5486332631236,-0.151866155872097,-23.7723047173216
0.418,34.5602400000001,-0.0647979010150269,23.5583080877619,-0.15247594103139,-23.8341024579872
0.419,34.6429200000001,-0.0649713295672343,23.5679891303702,-0.153086735580429,-23.8959377718044
0.42,34.7256000000001,-0.0651448667179307,23.5776763976992,-0.15369853702595,-23.9578107102861
0.421,34.8082800000001,-0.0653185088268204,23.5873698965162,-0.154311342868736,-24.0197213244355
0.422,34.8909600000001,-0.0654922521954411,23.5970696336056,-0.154925150603834,-24.0816696647488
0.423,34.9736400000001,-0.0656660930666573,23.6067756157682,-0.15553995772102,-24.143655781213
0.424,35.0563200000001,-0.0658400276242375,23.6164878498221,-0.15615576170508,-24.2056797233077
0.425,35.1390000000001,-0.0660140519923757,23.626206342602,-0.156772560036147,-24.2677415400043
0.426,35.2216800000001,-0.0661881622352094,23.6359311009594,-0.157390350190164,-24.3298412797667
0.427,35.3043600000001,-0.0663623543564223,23.6456621317631,-0.158009129639207,-24.391978990551
0.428,35.3870400000001,-0.0665366242986445,23.6553994418983,-0.158628895851838,-24.4541547198064
0.429,35.4697200000001,-0.0667109679431429,23.6651430382674,-0.159249646293515,-24.5163685144744
0.43,35.5524000000001,-0.0668853811091809,23.6748929277896,-0.159871378427022,-24.5786204209902
0.431,35.6350800000001,-0.067059859553569,23.6846491174013,-0.160494089712815,-24.640910485282
0.432,35.7177600000001,-0.0672343989702381,23.6944116140558,-0.161117777609485,-24.7032387527718
0.433,35.8004400000001,-0.0674089949897868,23.7041804247233,-0.161742439574134,-24.7656052683759
0.434,35.8831200000001,-0.0675836431788288,23.7139555563911,-0.162368073062867,-24.8280100765045
0.435,35.9658000000001,-0.0677583390395725,23.7237370160637,-0.162994675531167,-24.890453221063
0.436,36.0484800000001,-0.067933078009378,23.7335248107628,-0.163622244434432,-24.9529347454521
0.437,36.1311600000001,-0.0681078554601715,23.7433189475269,-0.164250777228267,-25.0154546925683
0.438,36.2138400000001,-0.0682826666979736,23.7531194334122,-0.164880271369186,-25.0780131048038
0.439,36.2965200000001,-0.068457506962297,23.7629262754918,-0.165510724314848,-25.1406100240477
0.44,36.3792000000001,-0.0686323714257733,23.7727394808561,-0.166142133524621,-25.2032454916861
0.441,36.4618800000001,-0.0688072551935781,23.7825590566131,-0.166774496460207,-25.2659195486035
0.442,36.5445600000001,-0.0689821533027807,23.792385009888,-0.167407810585973,-25.328632235182
0.443,36.6272400000001,-0.069157060722024,23.8022173478234,-0.168042073369509,-25.3913835913033
0.444,36.7099200000001,-0.0693319723507634,23.8120560775796,-0.168677282282185,-25.4541736563481
0.445,36.7926000000001,-0.0695068830189188,23.8219012063344,-0.169313434799667,-25.5170024691987
0.446,36.8752800000002,-0.0696817874862023,23.8317527412831,-0.169950528402433,-25.5798700682377
0.447,36.9579600000002,-0.0698566804416929,23.8416106896387,-0.170588560576316,-25.6427764913494
0.448,37.0406400000002,-0.0700315565031759,23.8514750586322,-0.171227528813141,-25.7057217759216
0.449,37.1233200000002,-0.0702064102165902,23.8613458555122,-0.171867430611217,-25.7687059588456
0.45,37.2060000000002,-0.0703812360554587,23.8712230875453,-0.172508263475904,-25.8317290765164
0.451,37.2886800000002,-0.0705560284204766,23.8811067620159,-0.173150024920296,-25.8947911648352
0.452,37.3713600000002,-0.070730781638734,23.8909968862268,-0.173792712465753,-25.9578922592093
0.453,37.4540400000002,-0.0709054899633159,23.9008934674986,-0.174436323642466,-26.0210323945538
0.454,37.5367200000002,-0.0710801475725154,23.9107965131702,-0.175080855990261,-26.0842116052916
0.455,37.6194000000002,-0.0712547485694699,23.9207060305991,-0.175726307059014,-26.1474299253556
0.456,37.7020800000002,-0.0714292869814808,23.9306220271608,-0.176372674409431,-26.2106873881892
0.457,37.7847600000002,-0.0716037567593832,23.9405445102495,-0.177019955613681,-26.2739840267482
0.458,37.8674400000002,-0.0717781517769314,23.9504734872781,-0.177668148256055,-26.3373198735005
0.459,37.9501200000002,-0.071952465830346,23.9604089656781,-0.178317249933631,-26.4006949604293
0.46,38.0328000000002,-0.0721266926375448,23.9703509528996,-0.178967258257009,-26.4641093190331
0.461,38.1154800000002,-0.0723008258375765,23.980299456412,-0.179618170850927,-26.5275629803272
0.462,38.1981600000002,-0.0724748589901022,23.9902544837035,-0.18026998535516,-26.5910559748462
0.463,38.2808400000002,-0.0726487855745533,24.0002160422816,-0.180922699424969,-26.6545883326438
0.464,38.3635200000002,-0.072822598989775,24.010184139673,-0.181576310732145,-26.7181600832955
0.465,38.4462000000002,-0.072996292553125,24.0201587834236,-0.182230816965508,-26.7817712558994
0.466,38.5288800000002,-0.0731698595001049,24.0301399810992,-0.182886215831843,-26.8454218790789
0.467,38.6115600000002,-0.0733432929834999,24.0401277402851,-0.18354250505658,-26.9091119809831
0.468,38.6942400000002,-0.0735165860727962,24.0501220685863,-0.184199682384693,-26.9728415892891
0.469,38.7769200000002,-0.0736897317536009,24.0601229736278,-0.184857745581366,-27.0366107312044
0.47,38.8596000000002,-0.0738627229268819,24.0701304630549,-0.185516692432859,-27.1004194334671
0.471,38.9422800000002,-0.0740355524083613,24.0801445445328,-0.186176520747461,-27.1642677223492
0.472,39.0249600000002,-0.0742082129278169,24.0901652257473,-0.186837228356226,-27.2281556236586
0.473,39.1076400000002,-0.0743806971284972,24.1001925144047,-0.187498813113764,-27.2920831627399
0.474,39.1903200000002,-0.0745529975662239,24.1102264182321,-0.188161272899257,-27.3560503644771
0.475,39.2730000000002,-0.074725106708928,24.1202669449774,-0.18882460561728,-27.4200572532961
0.476,39.3556800000003,-0.0748970169358697,24.1303141024095,-0.189488809198748,-27.4841038531669
0.477,39.4383600000003,-0.0750687205369063,24.1403678983188,-0.190153881601759,-27.5481901876043
0.478,39.5210400000003,-0.0752402097118995,24.1504283405168,-0.190819820812573,-27.6123162796725
0.479,39.6037200000003,-0.0754114765698698,24.1604954368368,-0.191486624846591,-27.6764821519859
0.48,39.6864000000003,-0.0755825131283582,24.1705691951339,-0.19215429174923,-27.7406878267114
0.481,39.7690800000003,-0.0757533113126265,24.1806496232853,-0.192822819597002,-27.8049333255725
0.482,39.8517600000003,-0.0759238629550941,24.1907367291901,-0.19349220649845,-27.8692186698496
0.483,39.9344400000003,-0.0760941597944207,24.2008305207702,-0.194162450595218,-27.933543880385
0.484,40.0171200000003,-0.0762641934748342,24.2109310059699,-0.194833550062936,-27.9979089775839
0.485,40.0998000000003,-0.0764339555453992,24.2210381927563,-0.195505503112451,-28.0623139814176
0.486,40.1824800000003,-0.0766034374593395,24.2311520891199,-0.196178307990736,-28.1267589114262
0.487,40.2651600000003,-0.0767726305730468,24.2412727030742,-0.196851962982046,-28.1912437867224
0.488,40.3478400000003,-0.0769415261454982,24.2514000426565,-0.197526466409016,-28.2557686259932
0.489,40.4305200000003,-0.0771101153374767,24.2615341159277,-0.198201816633714,-28.320333447504
0.49,40.5132000000003,-0.0772783892107274,24.2716749309729,-0.19887801205882,-28.3849382691011
0.491,40.5958800000003,-0.0774463387271548,24.2818224959015,-0.199555051128723,-28.4495831082154
0.492,40.6785600000003,-0.0776139547480774,24.2919768188473,-0.200232932330784,-28.5142679818651
0.493,40.7612400000003,-0.0777812280334516,24.3021379079693,-0.200911654196387,-28.5789929066597
0.494,40.8439200000003,-0.0779481492409221,24.3123057714513,-0.201591215302219,-28.6437578988023
0.495,40.9266000000003,-0.0781147089251404,24.3224804175026,-0.202271614271461,-28.7085629740955
0.496,41.0092800000003,-0.0782808975369493,24.3326618543583,-0.20295284977505,-28.7734081479422
0.497,41.0919600000003,-0.0784467054223937,24.3428500902795,-0.203634920532912,-28.8382934353513
0.498,41.1746400000003,-0.0786121228220698,24.3530451335533,-0.204317825315284,-28.9032188509408
0.499,41.2573200000003,-0.0787771398701212,24.3632469924939,-0.205001562943879,-28.9681844089413
0.5,41.34,-0.0789417465934788,24.373455675442,-0.205686132293441,-29.0331901232005
0.501,41.25732,-0.0789165169558832,24.3716057742118,-0.205980495231022,-29.0501640907777
0.502,41.17464,-0.0788538385071918,24.3630236443531,-0.205937409312691,-29.0354346411502
0.503,41.09196,-0.0787557398116331,24.3541074699183,-0.205722700704168,-29.0003675147901
0.504,41.00928,-0.0786229324220943,24.3444380327398,-0.205348455874577,-28.9546033647792
0.505,40.9266,-0.0784775055467034,24.3347495493995,-0.20487633848432,-28.901306246135
0.506,40.84392,-0.0783165467913562,24.3247329731063,-0.204327155979448,-28.8437717636654
0.507,40.76124,-0.0781532677592557,24.3147168532112,-0.203732808926836,-28.7832160632518
0.508,40.67856,-0.0779853629894298,24.3045855100263,-0.20310456239151,-28.7209678975444
0.509,40.59588,-0.0778178502618115,24.29446110566,-0.202457060874388,-28.6575246882545
0.51,40.5132,-0.0776491958596313,24.2842953713666,-0.201795239352657,-28.5934211422435
0.511,40.43052,-0.0774809466885908,24.2741365144862,-0.201125745735406,-28.5288599017568
0.512,40.34784,-0.0773124126852065,24.2639653516483,-0.200450584773648,-28.4640570759537
0.513,40.26516,-0.077143947740521,24.2538010768729,-0.199772745879569,-28.3990950073716
0.514,40.1824799999999,-0.0769753286088843,24.2436360301671,-0.19909299611765,-28.3340609993901
0.515,40.0997999999999,-0.0768065473573814,24.2334778668742,-0.198412667624867,-28.2689881604755
0.516,40.0171199999999,-0.07663758108279,24.22332352371,-0.19773203940822,-28.2039117438519
0.517,39.9344399999999,-0.0764683436646461,24.2131760555347,-0.197051698435184,-28.1388448583091
0.518,39.8517599999999,-0.0762988794701801,24.2030342290521,-0.196371742487366,-28.0738017638393
0.519,39.7690799999999,-0.0761291083465536,24.1928992631448,-0.195692426179419,-28.0087875264296
0.52,39.6863999999999,-0.0759590863039741,24.1827706540643,-0.195013784161103,-27.9438079451986
0.521,39.6037199999999,-0.0757887566965405,24.1726488878941,-0.194335924450099,-27.8788648979191
0.522,39.5210399999999,-0.0756181683427445,24.1625337528293,-0.193658861183408,-27.813960766946
0.523,39.4383599999999,-0.0754472861852215,24.152425441953,-0.192982638769843,-27.7490961931361
0.524,39.3556799999999,-0.0752761480776548,24.1423238612428,-0.192307265062276,-27.684272169635
0.525,39.2729999999999,-0.0751047347065769,24.1322290860305,-0.191632757576255,-27.6194888737454
0.526,39.1903199999999,-0.0749330743194266,24.1221410705433,-0.190959122165399,-27.5547467256674
0.527,39.1076399999999,-0.0747611580608019,24.1120598422863,-0.190286365464607,-27.4900457392433
0.528,39.0249599999999,-0.0745890070542071,24.1019853757667,-0.189614492453188,-27.4253860924163
0.529,38.9422799999999,-0.0744166190516118,24.0919176786989,-0.188943505714479,-27.3607677480872
0.53,38.8595999999999,-0.0742440102844009,24.0818567344539,-0.188273409619492,-27.2961907777417
0.531,38.7769199999999,-0.0740711825417665,24.0718025423167,-0.187604205505557,-27.2316551330176
0.532,38.6942399999999,-0.0738981488240427,24.0617550897452,-0.186935897232443,-27.1671608360493
0.533,38.6115599999999,-0.0737249133168097,24.0517143722892,-0.186268485968444,-27.1027078395303
0.534,38.5288799999999,-0.0735514869221385,24.0416803794173,-0.185601975151758,-27.0382961411477
0.535,38.4461999999999,-0.0733778752016639,24.0316531049443,-0.184936366139365,-26.9739256972789
0.536,38.3635199999999,-0.0732040876946632,24.0216325393992,-0.184271662045091,-26.9095964925707
0.537,38.2808399999999,-0.0730301307149979,24.0116186757519,-0.183607864489906,-26.8453084866774
0.538,38.1981599999999,-0.0728560129027518,24.0016115051299,-0.182944976355295,-26.7810616567419
0.539,38.1154799999999,-0.0726817409471201,23.9916110200773,-0.182282999502707,-26.7168559646166
0.54,38.0327999999999,-0.072507322875796,23.98161721208,-0.181621936658102,-26.6526913827918
0.541,37.9501199999999,-0.0723327655280358,23.9716300734657,-0.180961789874903,-26.5885678743163
0.542,37.8674399999999,-0.0721580764945328,23.9616495959478,-0.180302561782263,-26.524485408574
0.543,37.7847599999998,-0.0719832626309792,23.951675771748,-0.179644254578573,-26.4604439490554
0.544,37.7020799999998,-0.0718083311978092,23.9417085927319,-0.178986870838313,-26.396443462914
0.545,37.6193999999998,-0.0716332889890654,23.9317480510767,-0.178330412867011,-26.3324839135611
0.546,37.5367199999998,-0.0714581429995847,23.9217941387558,-0.177674883212935,-26.2685652664262
0.547,37.4540399999998,-0.0712828999166975,23.9118468479369,-0.177020284260711,-26.2046874844991
0.548,37.3713599999998,-0.0711075665092364,23.9019061706748,-0.176366618550662,-26.1408505317835
0.549,37.2886799999998,-0.0709321493322279,23.8919720991478,-0.175713888526401,-26.0770543706283
0.55,37.2059999999998,-0.0707566549531654,23.8820446254758,-0.175062096731428,-26.0132989637877
0.551,37.1233199999998,-0.0705810897809074,23.87212374186,-0.174411245654109,-25.9495842728316
0.552,37.0406399999998,-0.0704054601970859,23.8622094404754,-0.173761337847189,-25.8859102593667
0.553,36.9579599999998,-0.0702297724574168,23.8523017135529,-0.173112375833689,-25.8222768840973
0.554,36.8752799999998,-0.0700540327679261,23.8424005533165,-0.172464362178574,-25.7586841075435
0.555,36.7925999999998,-0.0698782472282416,23.8325059520309,-0.17181729943208,-25.6951318894897
0.556,36.7099199999998,-0.069702421875697,23.8226179019652,-0.171171190172268,-25.6316201894029
0.557,36.6272399999998,-0.0695265626532452,23.8127363954202,-0.170526036971076,-25.5681489661129
0.558,36.5445599999998,-0.0693506754348502,23.8028614247076,-0.169881842419185,-25.5047181780534
0.559,36.4618799999998,-0.0691747660074422,23.7929929821656,-0.169238609105831,-25.441327783077
0.56,36.3791999999998,-0.0689988400856615,23.7831310601469,-0.168596339633168,-25.3779777385937
0.561,36.2965199999998,-0.0688229033018841,23.7732756510277,-0.167955036604138,-25.3146680014643
0.562,36.2138399999998,-0.0686469612148947,23.7634267472006,-0.167314702630729,-25.2513985280801
0.563,36.1311599999998,-0.0684710193044584,23.75358434108,-0.166675340326553,-25.1881692743003
0.564,36.0484799999998,-0.0682950829763839,23.7437484250976,-0.166036952311431,-25.1249801954977
0.565,35.9657999999998,-0.0681191575599995,23.7339189917061,-0.165399541206979,-25.0618312465238
0.566,35.8831199999998,-0.0679432483110878,23.7240960333762,-0.164763109638926,-24.9987223817332
0.567,35.8004399999998,-0.0677673604106795,23.7142795425983,-0.164127660234385,-24.935653554964
0.568,35.7177599999998,-0.0675914989670688,23.7044695118815,-0.163493195622907,-24.8726247195514
0.569,35.6350799999998,-0.0674156690153001,23.6946659337543,-0.162859718434809,-24.8096358283162
0.57,35.5523999999998,-0.0672398755187572,23.6848688007638,-0.162227231301522,-24.7466868335727
0.571,35.4697199999998,-0.0670641233688801,23.6750781054761,-0.161595736854368,-24.6837776871218
0.572,35.3870399999998,-0.0668884173863878,23.6652938404761,-0.160965237724664,-24.620908340255
0.573,35.3043599999997,-0.0667127623214567,23.6555159983677,-0.160335736542747,-24.5580787437507
0.574,35.2216799999997,-0.0665371628545934,23.6457445717733,-0.159707235937835,-24.4952888478764
0.575,35.1389999999997,-0.0663616235969582,23.635979553334,-0.159079738537331,-24.4325386023854
0.576,35.0563199999997,-0.0661861490911496,23.6262209357097,-0.158453246966554,-24.3698279565199
0.577,34.9736399999997,-0.0660107438115466,23.6164687115788,-0.157827763848091,-24.307156859007
0.578,34.8909599999997,-0.0658354121650828,23.6067228736384,-0.157203291801525,-24.2445252580615
0.579,34.8082799999997,-0.065660158491587,23.596983414604,-0.156579833442901,-24.1819331013833
0.58,34.7255999999997,-0.0654849870645823,23.5872503272097,-0.155957391384372,-24.1193803361588
0.581,34.6429199999997,-0.065309902091543,23.577523604208,-0.155335968233728,-24.05686690906
0.582,34.5602399999997,-0.065134907714703,23.5678032383701,-0.15471556659397,-23.9943927662439
0.583,34.4775599999997,-0.0649600080114117,23.5580892224853,-0.154096189063029,-23.9319578533527
0.584,34.3948799999997,-0.0647852069947512,23.5483815493616,-0.153477838233198,-23.8695621155138
0.585,34.3121999999997,-0.0646105086140143,23.5386802118251,-0.152860516690957,-23.8072054973402
0.586,34.2295199999997,-0.0644359167552693,23.5289852027205,-0.152244227016436,-23.7448879429286
0.587,34.1468399999997,-0.0642614352418068,23.5192965149108,-0.151628971783147,-23.6826093958609
0.588,34.0641599999997,-0.0640870678347699,23.5096141412773,-0.151014753557563,-23.6203697992049
0.589,33.9814799999997,-0.0639128182335284,23.4999380747195,-0.15040157489885,-23.5581690955108
0.59,33.8987999999997,-0.0637386900763036,23.4902683081555,-0.149789438358363,-23.4960072268154
0.591,33.8161199999997,-0.0635646869406372,23.4806048345214,-0.149178346479587,-23.4338841346395
0.592,33.7334399999997,-0.0633908123437938,23.4709476467719,-0.148568301797523,-23.371799759989
0.593,33.6507599999997,-0.0632170697434176,23.4612967378797,-0.147959306838575,-23.3097540433541
0.594,33.5680799999997,-0.0630434625378584,23.4516521008358,-0.147351364120165,-23.2477469247108
0.595,33.4853999999997,-0.0628699940667385,23.4420137286499,-0.146744476150354,-23.185778343519
0.596,33.4027199999997,-0.0626966676114707,23.4323816143493,-0.146138645427711,-23.1238482387247
0.597,33.3200399999997,-0.0625234863956362,23.4227557509802,-0.145533874440881,-23.0619565487583
0.598,33.2373599999997,-0.0623504535855898,23.4131361316067,-0.144930165668377,-23.0001032115368
0.599,33.1546799999997,-0.0621775722907356,23.4035227493113,-0.144327521578295,-22.9382881644619
0.6,33.0719999999997,-0.0620048455642298,23.3939155971947,-0.143725944628032,-22.8765113444217
0.601,32.9893199999996,-0.0618322764032209,23.3843146683762,-0.143125437264029,-22.8147726877899
0.602,32.9066399999996,-0.0616598677494761,23.3747199559931,-0.142526001921513,-22.7530721304267
0.603,32.8239599999996,-0.0614876224896908,23.3651314532011,-0.141927641024255,-22.6914096076792
0.604,32.7412799999996,-0.0613155434560688,23.3555491531742,-0.141330356984307,-22.6297850543803
0.605,32.6585999999996,-0.0611436334267143,23.3459730491047,-0.140734152201798,-22.5681984048507
0.606,32.5759199999996,-0.0609718951260302,23.3364031342035,-0.14013902906471,-22.5066495928983
0.607,32.4932399999996,-0.0608003312252021,23.3268394016996,-0.139544989948622,-22.4451385518187
0.608,32.4105599999996,-0.0606289443426643,23.3172818448406,-0.138952037216477,-22.3836652143954
0.609,32.3278799999996,-0.0604577370444702,23.3077304568921,-0.138360173218452,-22.3222295129003
0.61,32.2451999999996,-0.0602867118447676,23.2981852311386,-0.137769400291662,-22.2608313790937
0.611,32.1625199999996,-0.0601158712061408,23.2886461608827,-0.137179720759947,-22.1994707442249
0.612,32.0798399999996,-0.0599452175401836,23.2791132394457,-0.136591136933837,-22.1381475390329
0.613,31.9971599999996,-0.0597747532077364,23.2695864601673,-0.136003651110209,-22.0768616937462
0.614,31.9144799999996,-0.0596044805194608,23.2600658164056,-0.135417265572116,-22.0156131380837
0.615,31.8317999999996,-0.059434401736143,23.2505513015373,-0.134831982588678,-21.9544018012542
0.616,31.7491199999996,-0.0592645190690852,23.2410429089577,-0.134247804414813,-21.8932276119575
0.617,31.6664399999996,-0.0590948346806646,23.2315406320807,-0.133664733291223,-21.8320904983857
0.618,31.5837599999996,-0.0589253506845612,23.2220444643386,-0.133082771444034,-21.7709903882218
0.619,31.5010799999996,-0.0587560691462104,23.2125543991827,-0.132501921084837,-21.709927208641
0.62,31.4183999999996,-0.0585869920832441,23.2030704300827,-0.131922184410359,-21.6489008863115
0.621,31.3357199999996,-0.0584181214658182,23.193592550527,-0.131343563602457,-21.5879113473945
0.622,31.2530399999996,-0.0582494592170084,23.1841207540229,-0.130766060827905,-21.5269585175446
0.623,31.1703599999996,-0.0580810072132736,23.1746550340964,-0.130189678238224,-21.4660423219106
0.624,31.0876799999996,-0.0579127672846931,23.1651953842922,-0.12961441796964,-21.4051626851353
0.625,31.0049999999996,-0.0577447412154678,23.1557417981739,-0.129040282142855,-21.3443195313574
0.626,30.9223199999996,-0.0575769307442341,23.146294269324,-0.128467272863058,-21.28351278421
0.627,30.8396399999996,-0.0574093375644289,23.1368527913438,-0.127895392219662,-21.2227423668228
0.628,30.7569599999996,-0.0572419633247015,23.1274173578538,-0.12732464228627,-21.1620082018217
0.629,30.6742799999996,-0.0570748096292606,23.1179879624932,-0.126755025120535,-21.1013102113295
0.63,30.5915999999996,-0.0569078780381754,23.1085645989203,-0.126186542764106,-21.0406483169666
0.631,30.5089199999996,-0.0567411700677913,23.0991472608124,-0.125619197242437,-20.9800224398508
0.632,30.4262399999996,-0.0565746871911535,23.0897359418662,-0.125052990564757,-20.9194325005992
0.633,30.3435599999996,-0.0564084308381835,23.0803306357971,-0.124487924723939,-20.8588784193269
0.634,30.2608799999996,-0.0562424023961815,23.07093133634,-0.123924001696456,-20.7983601156487
0.635,30.1781999999996,-0.0560766032100747,23.0615380372489,-0.123361223442246,-20.7378775086796
0.636,30.0955199999996,-0.0559110345828519,23.0521507322971,-0.122799591904669,-20.6774305170352
0.637,30.0128399999996,-0.0557456977757807,23.0427694152771,-0.122239109010412,-20.6170190588318
0.638,29.9301599999996,-0.0555805940088729,23.0333940800009,-0.121679776669426,-20.5566430516872
0.639,29.8474799999996,-0.0554157244611518,23.0240247202999,-0.1211215967748,-20.4963024127212
0.64,29.7647999999996,-0.0552510902709428,23.0146613300247,-0.120564571202794,-20.4359970585565
0.641,29.6821199999996,-0.0550866925362675,23.0053039030459,-0.120008701812691,-20.3757269053185
0.642,29.5994399999996,-0.054922532315177,22.995952433253,-0.119453990446757,-20.3154918686367
0.643,29.5167599999996,-0.0547586106260104,22.9866069145555,-0.11890043893023,-20.2552918636437
0.644,29.4340799999996,-0.0545949284477634,22.9772673408824,-0.118348049071254,-20.1951268049781
0.645,29.3513999999996,-0.0544314867203614,22.9679337061825,-0.117796822660797,-20.1349966067828
0.646,29.2687199999996,-0.0542682863449787,22.9586060044242,-0.117246761472523,-20.0749011827064
0.647,29.1860399999996,-0.0541053281844232,22.9492842295955,-0.116697867262976,-20.014840445904
0.648,29.1033599999996,-0.0539426130633482,22.9399683757048,-0.116150141771333,-19.9548143090371
0.649,29.0206799999996,-0.0537801417686017,22.9306584367798,-0.115603586719512,-19.8948226842748
0.65,28.9379999999996,-0.0536179150495324,22.9213544068684,-0.115058203812013,-19.8348654832938
0.651,28.8553199999996,-0.0534559336182716,22.9120562800383,-0.114513994735981,-19.7749426172791
0.652,28.7726399999996,-0.053294198149994,22.9027640503776,-0.113970961161149,-19.715053996924
0.653000000000001,28.6899599999996,-0.0531327092832999,22.893477711994,-0.113429104739771,-19.6551995324317
0.654,28.6072799999996,-0.0529714676204187,22.8841972590157,-0.112888427106726,-19.5953791335148
0.655,28.5245999999996,-0.0528104737275232,22.874922685591,-0.112348929879324,-19.5355927093965
0.656,28.4419199999996,-0.0526497281350753,22.8656539858883,-0.11181061465743,-19.4758401688099
0.657000000000001,28.3592399999996,-0.0524892313379846,22.8563911540965,-0.111273483023395,-19.4161214200001
0.658,28.2765599999996,-0.0523289837960464,22.8471341844246,-0.110737536542102,-19.3564363707238
0.659,28.1938799999996,-0.0521689859340209,22.8378830711023,-0.11020277676087,-19.2967849282499
0.66,28.1111999999996,-0.052009238142108,22.8286378083796,-0.109669205209507,-19.2371669993593
0.661000000000001,28.0285199999996,-0.0518497407760763,22.819398390527,-0.109136823400284,-19.1775824903472
0.662,27.9458399999996,-0.0516904941575817,22.8101648118357,-0.108605632827975,-19.1180313070212
0.663,27.8631599999996,-0.0515314985744565,22.8009370666171,-0.1080756349698,-19.0585133547037
0.664,27.7804799999996,-0.0513727542809553,22.791715149204,-0.10754683128553,-18.9990285382312
0.665000000000001,27.6977999999996,-0.0512142614979209,22.7824990539493,-0.10701922321735,-18.9395767619552
0.666,27.6151199999996,-0.051056020413217,22.7732887752271,-0.106492812190007,-18.8801579297426
0.667,27.5324399999996,-0.0508980311818617,22.764084307432,-0.105967599610755,-18.8207719449763
0.668,27.4497599999996,-0.050740293926327,22.7548856449798,-0.105443586869382,-18.7614187105547
0.669000000000001,27.3670799999996,-0.0505828087367553,22.7456927823071,-0.104920775338257,-18.7020981288935
0.67,27.2843999999996,-0.0504255756712577,22.7365057138717,-0.10439916637226,-18.6428101019252
0.671,27.2017199999996,-0.050268594756075,22.7273244341522,-0.103878761308955,-18.5835545310997
0.672,27.1190399999996,-0.0501118659859461,22.7181489376486,-0.103359561468446,-18.5243313173847
0.673000000000001,27.0363599999996,-0.0499553893241601,22.7089792188819,-0.102841568153512,-18.4651403612657
0.674,26.9536799999996,-0.049799164703031,22.6998152723946,-0.10232478264969,-18.4059815627476
0.675,26.8709999999996,-0.0496431920239248,22.6906570927502,-0.101809206225105,-18.3468548213536
0.676,26.7883199999996,-0.049487471157567,22.6815046745338,-0.101294840130674,-18.287760036126
0.677000000000001,26.7056399999996,-0.049332001944376,22.6723580123518,-0.100781685600071,-18.2286971056272
0.678000000000001,26.6229599999996,-0.0491767841945068,22.6632171008322,-0.100269743849885,-18.1696659279392
0.679,26.5402799999996,-0.0490218176881363,22.6540819346244,-0.0997590160794272,-18.1106664006643
0.68,26.4575999999996,-0.0488671021757861,22.6449525083996,-0.0992495034709483,-18.0516984209254
0.681000000000001,26.3749199999996,-0.0487126373784335,22.6358288168506,-0.0987412071896546,-17.9927618853663
0.682000000000001,26.2922399999996,-0.0485584229877407,22.6267108546918,-0.0982341283837372,-17.9338566901523
0.683,26.2095599999996,-0.0484044586663463,22.6175986166594,-0.0977282681844044,-17.8749827309695
0.684,26.1268799999996,-0.04825074404798,22.6084920975117,-0.0972236277058981,-17.8161399030262
0.685000000000001,26.0441999999996,-0.0480972787376827,22.5993912920286,-0.0967202080456724,-17.7573281010525
0.686000000000001,25.9615199999996,-0.0479440623121102,22.5902961950122,-0.0962180102842786,-17.6985472193006
0.687,25.8788399999996,-0.0477910943196414,22.5812068012864,-0.0957170354855209,-17.6397971515453
0.688,25.7961599999996,-0.0476383742805628,22.5721231056974,-0.0952172846965474,-17.5810777910844
0.689000000000001,25.7134799999996,-0.0474859016874136,22.5630451031133,-0.0947187589477447,-17.5223890307379
0.690000000000001,25.6307999999996,-0.047333676005029,22.5539727884246,-0.0942214592529778,-17.4637307628496
0.691,25.5481199999996,-0.0471816966707759,22.5449061565441,-0.0937253866095186,-17.4051028792863
0.692,25.4654399999996,-0.0470299630947967,22.5358452024067,-0.0932305419982358,-17.3465052714381
0.693000000000001,25.3827599999996,-0.0468784746601257,22.52678992097,-0.0927369263834845,-17.2879378302192
0.694000000000001,25.3000799999996,-0.0467272307229588,22.5177403072137,-0.0922445407133329,-17.2294004460671
0.695,25.2173999999996,-0.0465762306127616,22.5086963561403,-0.0917533859195135,-17.170893008943
0.696,25.1347199999996,-0.0464254736325013,22.4996580627746,-0.0912634629175675,-17.112415408333
0.697000000000001,25.0520399999996,-0.0462749590588082,22.4906254221642,-0.0907747726068887,-17.0539675332468
0.698000000000001,24.9693599999996,-0.046124686142189,22.4815984293794,-0.090287315870778,-16.9955492722185
0.699,24.8866799999996,-0.0459746541070934,22.4725770795132,-0.0898010935765222,-16.9371605133063
0.7,24.8039999999996,-0.0458248621522531,22.4635613676815,-0.0893161065754894,-16.8788011440931
0.701000000000001,24.7213199999996,-0.0456753094507142,22.4545512890227,-0.0888323557031269,-16.8204710516859
0.702000000000001,24.6386399999996,-0.0455259951500523,22.4455468386986,-0.0883498417791196,-16.7621701227166
0.703000000000001,24.5559599999996,-0.0453769183725611,22.4365480118938,-0.0878685656074544,-16.7038982433412
0.704,24.4732799999996,-0.0452280782154307,22.4275548038158,-0.0873885279764522,-16.6456552992408
0.705000000000001,24.3905999999996,-0.0450794737508086,22.4185672096954,-0.0869097296588889,-16.5874411756201
0.706000000000001,24.3079199999996,-0.044931104026075,22.4095852247866,-0.0864321714120571,-16.529255757209
0.707000000000001,24.2252399999996,-0.0447829680639657,22.4006088443665,-0.0859558539778279,-16.4710989282621
0.708,24.1425599999996,-0.0446350648626961,22.3916380637354,-0.0854807780827935,-16.4129705725576
0.709000000000001,24.0598799999996,-0.0444873933960873,22.3826728782172,-0.0850069444382975,-16.3548705733986
0.710000000000001,23.9771999999996,-0.0443399526138252,22.3737132831591,-0.0845343537405128,-16.2967988136124
0.711000000000001,23.8945199999996,-0.0441927414415441,22.3647592739316,-0.0840630066705389,-16.2387551755502
0.712,23.8118399999996,-0.0440457587809464,22.355810845929,-0.0835929038945326,-16.1807395410875
0.713000000000001,23.7291599999996,-0.0438990035099818,22.346867994569,-0.0831240460637015,-16.1227517916234
0.714000000000001,23.6464799999996,-0.0437524744829402,22.3379307152931,-0.0826564338145311,-16.0647918080813
0.715000000000001,23.5637999999996,-0.0436061705306852,22.3289990035663,-0.0821900677687182,-16.0068594709077
0.716,23.4811199999996,-0.0434600904607136,22.3200728548775,-0.081724948533344,-15.9489546600725
0.717000000000001,23.3984399999996,-0.0433142330572703,22.3111522647394,-0.0812610767009592,-15.8910772550692
0.718000000000001,23.3157599999996,-0.0431685970815685,22.3022372286886,-0.0807984528496982,-15.8332271349142
0.719000000000001,23.2330799999996,-0.0430231812718777,22.2933277422856,-0.0803370775433016,-15.7754041781462
0.72,23.1503999999996,-0.0428779843436137,22.2844238011149,-0.0798769513313087,-15.717608262827
0.721000000000001,23.0677199999996,-0.0427330049894476,22.2755254007851,-0.0794180747490068,-15.6598392665401
0.722000000000001,22.9850399999996,-0.0425882418795443,22.2666325369288,-0.0789604483177117,-15.6020970663915
0.723000000000001,22.9023599999996,-0.0424436936616044,22.2577452052029,-0.078504072544676,-15.5443815390082
0.724,22.8196799999996,-0.0422993589609786,22.2488634012886,-0.0780489479233661,-15.4866925605392
0.725000000000001,22.7369999999996,-0.0421552363807675,22.2399871208912,-0.0775950749334079,-15.4290300066542
0.726000000000001,22.6543199999996,-0.0420113245019569,22.2311163597403,-0.0771424540407502,-15.3713937525431
0.727000000000001,22.5716399999996,-0.0418676218835681,22.2222511135903,-0.0766910856978254,-15.3137836729166
0.728000000000001,22.4889599999996,-0.0417241270627126,22.2133913782196,-0.0762409703435111,-15.256199642005
0.729000000000001,22.4062799999996,-0.0415808385547037,22.2045371494313,-0.0757921084033205,-15.1986415335577
0.730000000000001,22.3235999999996,-0.041437754853208,22.1956884230531,-0.0753445002895368,-15.1411092208437
0.731000000000001,22.2409199999996,-0.0412948744302663,22.1868451949374,-0.0748981464012106,-15.0836025766502
0.732000000000001,22.1582399999996,-0.0411521957364309,22.1780074609611,-0.0744530471243021,-15.0261214732817
0.733000000000001,22.0755599999996,-0.041009717200965,22.1691752170261,-0.0740092028318787,-14.9686657825617
0.734000000000001,21.9928799999996,-0.0408674372317299,22.1603484590587,-0.0735666138841099,-14.9112353758298
0.735000000000001,21.9101999999996,-0.0407253542154572,22.1515271830105,-0.0731252806283525,-14.8538301239417
0.736000000000001,21.8275199999996,-0.0405834665177655,22.1427113848578,-0.0726852033993778,-14.7964498972702
0.737000000000001,21.7448399999996,-0.0404417724832118,22.1339010606017,-0.0722463825193827,-14.7390945657023
0.738000000000001,21.6621599999996,-0.0403002704354292,22.1250962062688,-0.0718088182980951,-14.6817639986403
0.739000000000001,21.5794799999996,-0.0401589586772476,22.1162968179102,-0.0713725110329336,-14.6244580650007
0.740000000000001,21.4967999999996,-0.0400178354906886,22.1075028916025,-0.0709374610090393,-14.567176633213
0.741000000000001,21.4141199999996,-0.039876899137067,22.0987144234475,-0.0705036684994825,-14.5099195712196
0.742000000000001,21.3314399999996,-0.0397361478571341,22.0899314095719,-0.0700711337653204,-14.4526867464758
0.743000000000001,21.2487599999996,-0.0395955798710471,22.0811538461281,-0.0696398570556821,-14.3954780259473
0.744000000000001,21.1660799999996,-0.039455193378543,22.0723817292937,-0.0692098386078952,-14.3382932761112
0.745000000000001,21.0833999999996,-0.0393149865588788,22.0636150552715,-0.068781078647621,-14.2811323629538
0.746000000000001,21.0007199999996,-0.0391749575710715,22.05485382029,-0.0683535773889345,-14.2239951519715
0.747000000000001,20.9180399999996,-0.0390351045538226,22.0460980206032,-0.067927335034467,-14.1668815081683
0.748000000000001,20.8353599999996,-0.0388954256256039,22.0373476524904,-0.0675023517754678,-14.1097912960566
0.749000000000001,20.7526799999996,-0.0387559188847421,22.0286027122569,-0.0670786277919422,-14.0527243796542
0.750000000000001,20.6699999999996,-0.0386165824095472,22.0198631962333,-0.0666561632527773,-13.9956806224859
0.751000000000001,20.5873199999996,-0.0384774142581707,22.0111291007761,-0.0662349583158794,-13.9386598875813
0.752000000000001,20.5046399999996,-0.0383384124688876,22.0024004222675,-0.0658150131282159,-13.8816620374738
0.753000000000001,20.4219599999996,-0.0381995750599773,21.9936771571155,-0.0653963278259543,-13.8246869341999
0.754000000000001,20.3392799999996,-0.0380609000298503,21.984959301754,-0.06497890253461,-13.7677344392986
0.755000000000001,20.2565999999996,-0.0379223853570729,21.9762468526429,-0.0645627373691205,-13.7108044138096
0.756000000000001,20.1739199999996,-0.0377840290004198,21.967539806268,-0.0641478324339938,-13.6538967182735
0.757000000000001,20.0912399999996,-0.0376458288988659,21.9588381591408,-0.063734187823388,-13.5970112127295
0.758000000000001,20.0085599999996,-0.037507782971695,21.9501419077995,-0.0633218036212509,-13.5401477567153
0.759000000000001,19.9258799999996,-0.0373698891185596,21.9414510488077,-0.0629106799014429,-13.4833062092655
0.760000000000001,19.8431999999996,-0.0372321452193609,21.9327655787558,-0.0625008167278375,-13.4264864289105
0.761000000000001,19.7605199999996,-0.0370945491344783,21.9240854942599,-0.0620922141543917,-13.3696882736758
0.762000000000001,19.6778399999996,-0.0369570987045814,21.9154107919627,-0.0616848722253535,-13.3129116010804
0.763000000000001,19.5951599999996,-0.0368197917508628,21.9067414685329,-0.0612787909753322,-13.2561562681362
0.764000000000001,19.5124799999996,-0.0366826260749076,21.8980775206658,-0.0608739704293998,-13.1994221313457
0.765000000000001,19.4297999999996,-0.0365455994588698,21.8894189450831,-0.0604704106032501,-13.1427090467021
0.766000000000001,19.3471199999996,-0.0364087096652966,21.8807657385326,-0.0600681115032694,-13.0860168696876
0.767000000000001,19.2644399999996,-0.0362719544372676,21.8721178977889,-0.0596670731267015,-13.0293454552714
0.768000000000001,19.1817599999996,-0.0361353314983956,21.8634754196531,-0.0592672954616703,-12.9726946579093
0.769000000000001,19.0990799999996,-0.0359988385528315,21.8548383009528,-0.058868778487487,-12.9160643315417
0.770000000000001,19.0163999999996,-0.0358624732852596,21.8462065385422,-0.0584715221745538,-12.8594543295935
0.771000000000001,18.9337199999996,-0.0357262333609044,21.8375801293021,-0.0580755264845981,-12.8028645049707
0.772000000000001,18.8510399999996,-0.0355901164255348,21.8289590701401,-0.0576807913707875,-12.7462947100607
0.773000000000001,18.7683599999996,-0.035454120105474,21.8203433579906,-0.0572873167778496,-12.6897447967307
0.774000000000001,18.6856799999996,-0.0353182420075739,21.8117329898147,-0.0568951026421333,-12.6332146163246
0.775000000000001,18.6029999999996,-0.0351824797192141,21.8031279626003,-0.0565041488917709,-12.5767040196642
0.776000000000001,18.5203199999996,-0.0350468308084121,21.7945282733622,-0.0561144554468526,-12.520212857045
0.777000000000001,18.4376399999996,-0.0349112928235062,21.7859339191422,-0.0557260222194196,-12.4637409782366
0.778000000000001,18.3549599999996,-0.0347758632935081,21.7773448970089,-0.0553388491136744,-12.4072882324803
0.779000000000001,18.2722799999996,-0.0346405397278561,21.7687612040579,-0.054952936026095,-12.3508544684872
0.780000000000001,18.1895999999996,-0.0345053196164498,21.7601828374119,-0.0545682828455302,-12.2944395344376
0.781000000000001,18.1069199999996,-0.0343702004296702,21.7516097942208,-0.05418488945332,-12.2380432779784
0.782000000000001,18.0242399999996,-0.0342351796183232,21.7430420716612,-0.0538027557234064,-12.1816655462218
0.783000000000001,17.9415599999996,-0.0341002546135714,21.7344796669372,-0.0534218815225006,-12.1253061857432
0.784000000000001,17.8588799999996,-0.03396542282697,21.7259225772801,-0.0530422667101939,-12.0689650425807
0.785000000000001,17.7761999999996,-0.0338306816504306,21.7173707999481,-0.0526639111390136,-12.0126419622315
0.786000000000001,17.6935199999996,-0.033696028456104,21.708824332227,-0.0522868146545711,-11.9563367896515
0.787000000000001,17.6108399999996,-0.0335614605964916,21.7002831714296,-0.0519109770957688,-11.900049369253
0.788000000000001,17.5281599999996,-0.0334269754042292,21.6917473148961,-0.0515363982947647,-11.8437795449025
0.789000000000001,17.4454799999996,-0.0332925701921862,21.6832167599943,-0.0511630780772502,-11.7875271599197
0.790000000000001,17.3627999999996,-0.0331582422533342,21.674691504119,-0.050791016262447,-11.7312920570745
0.791000000000001,17.2801199999996,-0.0330239888607043,21.6661715446927,-0.0504202126632758,-11.6750740785858
0.792000000000001,17.1974399999996,-0.0328898072673837,21.6576568791653,-0.0500506670865235,-11.6188730661192
0.793000000000001,17.1147599999996,-0.0327556947064147,21.6491475050141,-0.0496823793328976,-11.5626888607853
0.794000000000001,17.0320799999996,-0.0326216483907765,21.6406434197439,-0.0493153491971528,-11.5065213031376
0.795000000000001,16.9493999999996,-0.0324876655132684,21.6321446208872,-0.0489495764682274,-11.4503702331693
0.796000000000001,16.8667199999996,-0.0323537432464302,21.6236511060039,-0.0485850609293436,-11.3942354903132
0.797000000000001,16.7840399999996,-0.0322198787425835,21.6151628726817,-0.0482218023581929,-11.3381169134378
0.798000000000001,16.7013599999996,-0.032086069133665,21.6066799185359,-0.047859800526971,-11.2820143408463
0.799000000000001,16.6186799999996,-0.0319523115311607,21.5982022412092,-0.0474990552025593,-11.2259276102738
0.800000000000001,16.5359999999996,-0.0318186030261017,21.5897298383722,-0.0471395661465865,-11.1698565588851
0.801000000000001,16.4533199999996,-0.0316849406888833,21.5812627077233,-0.0467813331155808,-11.1138010232723
0.802000000000001,16.3706399999996,-0.0315513215692008,21.5728008469886,-0.0464243558611188,-11.057760839453
0.803000000000001,16.2879599999996,-0.031417742696052,21.5643442539217,-0.0460686341299165,-11.0017358428677
0.804000000000001,16.2052799999996,-0.0312842010774806,21.5558929263043,-0.0457141676639372,-10.9457258683772
0.805000000000001,16.1225999999996,-0.0311506937006892,21.5474468619459,-0.0453609562004985,-10.8897307502604
0.806000000000001,16.0399199999996,-0.0310172175317814,21.5390060586836,-0.0450089994724099,-10.8337503222118
0.807000000000001,15.9572399999996,-0.0308837695156711,21.5305705143826,-0.0446582972081569,-10.777784417339
0.808000000000001,15.8745599999996,-0.0307503465761328,21.5221402269358,-0.044308849131867,-10.7218328681604
0.809000000000001,15.7918799999996,-0.0306169456154497,21.5137151942642,-0.0439606549635876,-10.6658955066024
0.810000000000001,15.7091999999996,-0.0304835635144945,21.5052954143165,-0.0436137144192724,-10.6099721639965
0.811000000000001,15.6265199999996,-0.0303501971325668,21.4968808850695,-0.0432680272110061,-10.5540626710777
0.812000000000001,15.5438399999996,-0.0302168433072265,21.488471604528,-0.0429235930470692,-10.498166857981
0.813000000000001,15.4611599999996,-0.0300834988542312,21.4800675707246,-0.0425804116320059,-10.4422845542384
0.814000000000001,15.3784799999996,-0.02995016056732,21.4716687817199,-0.0422384826668738,-10.3864155887771
0.815000000000001,15.2957999999996,-0.0298168252182307,21.4632752356027,-0.0418978058492099,-10.3305597899162
0.816000000000001,15.2131199999996,-0.0296834895564203,21.4548869304897,-0.0415583808732578,-10.2747169853641
0.817000000000001,15.1304399999996,-0.0295501503089863,21.4465038645256,-0.0412202074300068,-10.2188870022152
0.818000000000001,15.0477599999996,-0.0294168041805893,21.4381260358832,-0.0408832852073703,-10.1630696669477
0.819000000000001,14.9650799999996,-0.0292834478532039,21.4297534427634,-0.0405476138902619,-10.1072648054198
0.820000000000001,14.8823999999996,-0.0291500779859897,21.4213860833951,-0.0402131931606989,-10.0514722428673
0.821000000000001,14.7997199999996,-0.0290166912151953,21.4130239560354,-0.0398800226979719,-9.99569180390115
0.822000000000001,14.7170399999996,-0.0288832841539106,21.4046670589693,-0.0395481021786657,-9.939923312503
0.823000000000001,14.6343599999996,-0.0287498533920516,21.3963153905101,-0.0392174312768621,-9.88416659202318
0.824000000000001,14.5516799999996,-0.0286163954960079,21.3879689489991,-0.0388880096642134,-9.82842146517691
0.825000000000001,14.4689999999996,-0.028482907008603,21.3796277328058,-0.0385598370100598,-9.77268775404209
0.826000000000001,14.3863199999996,-0.028349384448944,21.3712917403278,-0.0382329129815079,-9.71696528005481
0.827000000000001,14.3036399999996,-0.0282158243120855,21.3629609699907,-0.0379072372435898,-9.66125386400702
0.828000000000001,14.2209599999996,-0.028082223069,21.3546354202484,-0.0375828094593247,-9.60555332604283
0.829000000000001,14.1382799999996,-0.0279485771663181,21.3463150895829,-0.0372596292898734,-9.5498634856552
0.830000000000001,14.0555999999996,-0.0278148830261972,21.3379999765043,-0.0369376963946464,-9.49418416168281
0.831000000000001,13.9729199999996,-0.0276811370460055,21.329690079551,-0.0366170104313311,-9.43851517230607
0.832000000000001,13.8902399999996,-0.0275473355982627,21.3213853972892,-0.0362975710561135,-9.38285633504448
0.833000000000001,13.8075599999996,-0.0274134750303805,21.3130859283136,-0.0359793779236751,-9.32720746675183
0.834000000000001,13.7248799999996,-0.0272795516643404,21.3047916712468,-0.0356624306873668,-9.27156838361377
0.835000000000001,13.6421999999996,-0.0271455617966662,21.2965026247397,-0.0353467289993189,-9.21593890114412
0.836000000000001,13.5595199999996,-0.027011501698136,21.2882187874712,-0.0350322725105175,-9.16031883418023
0.837000000000001,13.4768399999996,-0.0268773676134618,21.2799401581484,-0.0347190608708416,-9.10470799688031
0.838000000000001,13.3941599999996,-0.0267431557612079,21.2716667355066,-0.0344070937293015,-9.0491062027193
0.839000000000001,13.3114799999996,-0.0266088623334424,21.263398518309,-0.0340963707340057,-8.99351326448434
0.840000000000001,13.2287999999996,-0.0264744834955405,21.2551355053472,-0.0337868915323709,-8.93792899427241
0.841000000000001,13.1461199999996,-0.0263400153859344,21.2468776954405,-0.0334786557711358,-8.88235320348488
0.842000000000001,13.0634399999996,-0.0262054541158647,21.2386250874367,-0.033171663096468,-8.82678570282457
0.843000000000001,12.9807599999996,-0.026070795769164,21.2303776802115,-0.0328659131541222,-8.77122630229112
0.844000000000001,12.8980799999996,-0.0259360364019149,21.2221354726686,-0.0325614055894672,-8.71567481117754
0.845000000000001,12.8153999999996,-0.0258011720422359,21.2138984637399,-0.0322581400476156,-8.66013103806509
0.846000000000001,12.7327199999996,-0.025666198689998,21.2056666523851,-0.0319561161734624,-8.6045947908202
0.847000000000001,12.6500399999996,-0.0255311123164952,21.1974400375922,-0.0316553336118259,-8.54906587658951
0.848000000000001,12.5673599999996,-0.0253959088642739,21.189218618377,-0.0313557920075275,-8.49354410179598
0.849000000000001,12.4846799999996,-0.0252605842467168,21.1810023937835,-0.0310574910054768,-8.4380292721337
0.850000000000001,12.4019999999996,-0.0251251343479197,21.1727913628833,-0.0307604302507052,-8.38252119256503
0.851000000000001,12.3193199999996,-0.0249895550221139,21.1645855247764,-0.0304646093885209,-8.32701966731464
0.852000000000001,12.2366399999996,-0.0248538420936021,21.1563848785903,-0.030170028064554,-8.27152449986544
0.853000000000001,12.1539599999996,-0.0247179913563428,21.1481894234807,-0.0298766859248179,-8.21603549295483
0.854000000000001,12.0712799999996,-0.0245819985736332,21.139999158631,-0.029584582615862,-8.16055244856857
0.855000000000001,11.9885999999996,-0.0244458594778554,21.1318140832527,-0.0292937177847241,-8.10507516793729
0.856000000000001,11.9059199999996,-0.0243095697699455,21.1236341965846,-0.0290040910791147,-8.04960345153112
0.857000000000001,11.8232399999996,-0.0241731251192942,21.115459497894,-0.02871570214743,-7.99413709905491
0.858000000000001,11.7405599999996,-0.0240365211632381,21.1072899864753,-0.0284285506388196,-7.9386759094436
0.859000000000001,11.6578799999996,-0.0238997535067718,21.0991256616511,-0.0281426362032786,-7.88321968085713
0.860000000000001,11.5751999999996,-0.023762817722111,21.0909665227715,-0.0278579584916814,-7.82776821067512
0.861000000000001,11.4925199999996,-0.0236257093484382,21.0828125692144,-0.0275745171558648,-7.77232129549207
0.862000000000001,11.4098399999996,-0.0234884238913959,21.0746638003851,-0.0272923118486699,-7.71687873111222
0.863000000000001,11.3271599999996,-0.0233509568228145,21.0665202157167,-0.0270113422240411,-7.66144031254413
0.864000000000001,11.2444799999996,-0.0232133035802445,21.0583818146697,-0.0267316079370122,-7.60600583399596
0.865000000000001,11.1617999999996,-0.0230754595666043,21.0502485967325,-0.0264531086437704,-7.55057508886847
0.866000000000001,11.0791199999996,-0.0229374201497106,21.0421205614205,-0.026175844001712,-7.49514786975163
0.867000000000001,10.9964399999996,-0.0227991806619175,21.0339977082768,-0.0258998136695292,-7.4397239684179
0.868000000000001,10.9137599999996,-0.0226607363996657,21.0258800368719,-0.0256250173071786,-7.3843031758169
0.869000000000001,10.8310799999996,-0.0225220826230184,21.0177675468036,-0.0253514545759724,-7.32888528206962
0.870000000000001,10.7483999999997,-0.0223832145553119,21.0096602376971,-0.0250791251385646,-7.27347007646285
0.871000000000001,10.6657199999996,-0.0222441273826045,21.0015581092047,-0.024808028659019,-7.21805734744314
0.872000000000001,10.5830399999996,-0.0221048162532784,20.9934611610061,-0.0245381648027805,-7.16264688261109
0.873000000000001,10.5003599999996,-0.0219652762774954,20.985369392808,-0.0242695332367661,-7.10723846871499
0.874000000000001,10.4176799999997,-0.0218255025268373,20.9772828043444,-0.0240021336293089,-7.05183189164504
0.875000000000001,10.3349999999997,-0.0216854900337155,20.9692013953761,-0.0237359656502366,-6.99642693642766
0.876000000000001,10.2523199999996,-0.0215452337909223,20.9611251656914,-0.0234710289708335,-6.94102338721791
0.877000000000001,10.1696399999997,-0.0214047287510569,20.953054115105,-0.0232073232638441,-6.88562102729405
0.878000000000001,10.0869599999997,-0.0212639698261005,20.9449882434589,-0.0229448482034814,-6.83021963905132
0.879000000000001,10.0042799999997,-0.0211229518868631,20.9369275506218,-0.0226836034654521,-6.77481900399493
0.880000000000001,9.92159999999965,-0.0209816697623733,20.9288720364891,-0.0224235887268682,-6.7194189027332
0.881000000000001,9.83891999999965,-0.0208401182393978,20.9208217009831,-0.0221648036662906,-6.66401911497175
0.882000000000001,9.75623999999965,-0.020698292061909,20.9127765440526,-0.0219072479636922,-6.60861941950565
0.883000000000001,9.67355999999965,-0.0205561859304164,20.9047365656733,-0.0216509213003642,-6.55321959421314
0.884000000000001,9.59087999999965,-0.0204137945014267,20.8967017658471,-0.0213958233590087,-6.49781941604842
0.885000000000001,9.50819999999965,-0.0202711123868875,20.8886721446026,-0.0211419538235318,-6.4424186610344
0.886000000000001,9.42551999999965,-0.020128134153543,20.8806477019945,-0.0208893123791702,-6.38701710425568
0.887000000000001,9.34283999999965,-0.0199848543223141,20.8726284381045,-0.0206378987122685,-6.33161451985116
0.888000000000001,9.26015999999965,-0.0198412673676683,20.8646143530398,-0.0203877125103247,-6.27621068100656
0.889000000000001,9.17747999999965,-0.0196973677169959,20.8566054469343,-0.0201387534618806,-6.22080535994676
0.890000000000001,9.09479999999965,-0.0195531497499338,20.848601719948,-0.0198910212563823,-6.16539832792803
0.891000000000001,9.01211999999965,-0.01940860779769,20.8406031722666,-0.0196445155842426,-6.10998935523087
0.892000000000001,8.92943999999965,-0.0192637361423857,20.8326098041023,-0.01939923613658,-6.05457821115119
0.893000000000001,8.84675999999965,-0.0191185290163027,20.8246216156927,-0.0191551826052514,-5.99916466399261
0.894000000000001,8.76407999999965,-0.0189729806012597,20.8166386073017,-0.0189123546825792,-5.94374848105877
0.895000000000001,8.68139999999965,-0.0188270850278047,20.8086607792187,-0.0186707520613758,-5.88832942864406
0.896000000000001,8.59871999999965,-0.0186808363745157,20.8006881317588,-0.0184303744347189,-5.83290727202643
0.897000000000001,8.51603999999965,-0.0185342286672341,20.7927206652627,-0.0181912214958731,-5.77748177545753
0.898000000000001,8.43335999999965,-0.0183872558782447,20.7847583800967,-0.0179532929380293,-5.72205270215512
0.899000000000001,8.35067999999965,-0.0182399119255793,20.7768012766526,-0.0177165884542724,-5.66661981429302
0.900000000000001,8.26799999999965,-0.0180921906721702,20.7688493553472,-0.0174811077372666,-5.61118287299344
0.901000000000001,8.18531999999965,-0.0179440859250073,20.7609026166231,-0.0172468504791738,-5.55574163831728
0.902000000000001,8.10263999999965,-0.0177955914343162,20.7529610609476,-0.0170138163713849,-5.50029586925412
0.903000000000001,8.01995999999965,-0.017646700892726,20.7450246888134,-0.01678200510431,-5.44484532371386
0.904000000000001,7.93727999999965,-0.0174974079343123,20.7370935007381,-0.0165514163671552,-5.38938975851648
0.905000000000001,7.85459999999965,-0.0173477061338476,20.7291674972644,-0.0163220498476974,-5.33392892938275
0.906000000000001,7.77191999999965,-0.0171975890057451,20.7212466789594,-0.0160939052319723,-5.27846259092375
0.907000000000001,7.68923999999965,-0.0170470500032472,20.7133310464156,-0.0158669822040602,-5.2229904966311
0.908000000000001,7.60655999999965,-0.016896082517365,20.7054206002497,-0.0156412804457671,-5.16751239886639
0.909000000000001,7.52387999999965,-0.0167446798760346,20.697515341103,-0.0154167996362353,-5.11202804885113
0.910000000000001,7.44119999999965,-0.0165928353429659,20.6896152696416,-0.0151935394517723,-5.05653719665568
0.911000000000001,7.35851999999965,-0.0164405421167778,20.6817203865555,-0.0149714995654046,-5.00103959118912
0.912000000000001,7.27583999999965,-0.0162877933298973,20.6738306925596,-0.0147506796464896,-4.94553498018663
0.913000000000001,7.19315999999965,-0.0161345820475006,20.6659461883925,-0.0145310793604451,-4.89002311020068
0.914000000000001,7.11047999999965,-0.0159809012664747,20.6580668748172,-0.0143126983682108,-4.83450372658701
0.915000000000001,7.02779999999965,-0.0158267439142515,20.6501927526207,-0.0140955363259155,-4.77897657349471
0.916000000000001,6.94511999999966,-0.0156721028477705,20.6423238226139,-0.0138795928843884,-4.72344139385385
0.917000000000001,6.86243999999966,-0.015516970852202,20.6344600856316,-0.0136648676886937,-4.66789792936334
0.918000000000001,6.77975999999966,-0.0153613406398475,20.6266015425322,-0.0134513603776619,-4.61234592047849
0.919000000000001,6.69707999999966,-0.0152052048489479,20.6187481941979,-0.0132390705832988,-4.55678510639867
0.920000000000001,6.61439999999966,-0.0150485560424426,20.6109000415346,-0.0130279979303495,-4.50121522505444
0.921000000000001,6.53171999999966,-0.0148913867066635,20.6030570854716,-0.0128181420356087,-4.44563601309422
0.922000000000001,6.44903999999966,-0.0147336892501164,20.5952193269613,-0.0126095025073901,-4.39004720587186
0.923000000000001,6.36635999999966,-0.0145754560021342,20.58738676698,-0.0124020789448384,-4.33444853743168
0.924000000000001,6.28367999999966,-0.0144166792114455,20.5795594065267,-0.0121958709373361,-4.27883974049595
0.925000000000001,6.20099999999966,-0.0142573510450225,20.5717372466238,-0.0119908780637505,-4.22322054645001
0.926000000000001,6.11831999999966,-0.0140974635863955,20.5639202883168,-0.0117870998917155,-4.16759068532788
0.927000000000001,6.03563999999966,-0.0139370088344442,20.556108532674,-0.0115845359768598,-4.11194988579793
0.928000000000001,5.95295999999966,-0.0137759787017531,20.5483019807869,-0.0113831858620477,-4.05629787514786
0.929000000000001,5.87027999999966,-0.0136143650131751,20.5405006337693,-0.0111830490764871,-4.00063437926867
0.930000000000001,5.78759999999966,-0.0134521595043263,20.5327044927582,-0.0109841251348512,-3.94495912263977
0.931000000000001,5.70491999999966,-0.0132893538199216,20.5249135589132,-0.0107864135364003,-3.88927182831298
0.932000000000001,5.62223999999966,-0.0131259395121769,20.5171278334163,-0.0105899137639761,-3.83357221789571
0.933000000000001,5.53955999999966,-0.012961908039198,20.5093473174722,-0.0103946252830059,-3.77786001153449
0.934000000000001,5.45687999999966,-0.0127972507632334,20.501572012308,-0.0102005475404277,-3.7221349278979
0.935000000000001,5.37419999999966,-0.0126319589489368,20.4938019191731,-0.0100076799635954,-3.66639668415934
0.936000000000001,5.29151999999966,-0.0124660237616081,20.4860370393395,-0.00981602195915283,-3.61064499597903
0.937000000000001,5.20883999999966,-0.0122994362653023,20.4782773741011,-0.00962557291175455,-3.55487957748573
0.938000000000001,5.12615999999966,-0.0121321874210383,20.4705229247745,-0.00943633218283653,-3.4991001412582
0.939000000000001,5.04347999999966,-0.0119642680848389,20.462773692698,-0.00924829910923379,-3.44330639830592
0.940000000000001,4.96079999999966,-0.0117956690057871,20.4550296792324,-0.00906147300191362,-3.38749805805015
0.941000000000001,4.87811999999966,-0.0116263808239419,20.4472908857604,-0.00887585314441139,-3.33167482830306
0.942000000000001,4.79543999999966,-0.0114563940683347,20.4395573136869,-0.00869143879130703,-3.27583641524832
0.943000000000001,4.71275999999966,-0.0112856991547818,20.4318289644388,-0.00850822916670467,-3.21998252341897
0.944000000000001,4.63007999999966,-0.011114286383832,20.4241058394651,-0.0083262234624772,-3.16411285567694
0.945000000000001,4.54739999999966,-0.0109421459383576,20.4163879402366,-0.00814542083660734,-3.10822711319064
0.946000000000001,4.46471999999966,-0.0107692678814147,20.4086752682463,-0.00796582041137266,-3.0523249954127
0.947000000000001,4.38203999999966,-0.0105956421538015,20.4009678250093,-0.00778742127132956,-2.99640620005667
0.948000000000001,4.29935999999966,-0.0104212585716295,20.3932656120624,-0.00761022246141458,-2.94047042307286
0.949000000000001,4.21667999999966,-0.0102461068239226,20.3855686309649,-0.0074342229848538,-2.88451735862544
0.950000000000001,4.13399999999966,-0.0100701764700146,20.3778768832979,-0.00725942180090678,-2.82854669906603
0.951000000000001,4.05131999999966,-0.00989345693686067,20.3701903706645,-0.00708581782266744,-2.77255813490933
0.952000000000001,3.96863999999966,-0.00971593751651406,20.3625090946903,-0.00691340991465237,-2.71655135480595
0.953000000000001,3.88595999999966,-0.00953760736322312,20.3548330570228,-0.00674219689030437,-2.66052604551634
0.954000000000001,3.80327999999966,-0.00935845549063402,20.347162259332,-0.00657217750932754,-2.60448189188263
0.955000000000001,3.72059999999966,-0.00917847076883493,20.3394967033105,-0.00640335047500763,-2.54841857680031
0.956000000000001,3.63791999999966,-0.00899764192141944,20.3318363906729,-0.00623571443133415,-2.49233578118939
0.957000000000001,3.55523999999966,-0.0088159575223109,20.3241813231567,-0.00606926796000693,-2.43623318396407
0.958000000000001,3.47255999999966,-0.00863340599262147,20.3165315025223,-0.00590400957732377,-2.38011046200199
0.959000000000001,3.38987999999966,-0.0084499755973978,20.3088869305525,-0.00573993773081346,-2.3239672901131
0.960000000000001,3.30719999999966,-0.0082656544422679,20.3012476090536,-0.00557705079593633,-2.26780334100608
0.961000000000001,3.22451999999966,-0.00808043046980378,20.293613539855,-0.0054153470723399,-2.2116182852559
0.962000000000001,3.14183999999966,-0.00789429145615966,20.2859847248094,-0.00525482478022441,-2.15541179126883
0.963000000000001,3.05915999999966,-0.00770722500720306,20.2783611657933,-0.00509548205631604,-2.09918352524667
0.964000000000001,2.97647999999966,-0.00751921855494381,20.270742864707,-0.0049373169497518,-2.0429331511508
0.965000000000001,2.89379999999966,-0.00733025935333076,20.2631298234751,-0.00478032741780993,-1.98666033066409
0.966000000000001,2.81111999999966,-0.00714033447447637,20.2555220440464,-0.00462451132134032,-1.93036472315284
0.967000000000001,2.72843999999966,-0.00694943080435739,20.2479195283948,-0.00446986642000892,-1.87404598562567
0.968000000000001,2.64575999999966,-0.00675753503848292,20.240322278519,-0.00431639036732746,-1.81770377269362
0.969000000000001,2.56307999999966,-0.00656463367760446,20.2327302964433,-0.00416408070548914,-1.76133773652635
0.970000000000001,2.48039999999966,-0.00637071302294617,20.225143584218,-0.00401293485985681,-1.70494752680952
0.971000000000001,2.39771999999966,-0.00617575917169833,20.2175621439194,-0.00386295013324786,-1.64853279069869
0.972000000000001,2.31503999999966,-0.00597975801198852,20.2099859776509,-0.00371412369998465,-1.59209317277358
0.973000000000001,2.23235999999966,-0.00578269521783753,20.2024150875431,-0.00356645259952477,-1.53562831498875
0.974000000000001,2.14967999999966,-0.00558455624397408,20.1948494757542,-0.00341993372993278,-1.4791378566248
0.975000000000001,2.06699999999966,-0.00538532632045369,20.1872891444711,-0.00327456384090153,-1.42262143423674
0.976000000000001,1.98431999999966,-0.00518499044705867,20.1797340959096,-0.00313033952653017,-1.36607868160032
0.977000000000001,1.90163999999966,-0.00498353338750335,20.1721843323151,-0.00298725721767392,-1.30950922965809
0.978000000000001,1.81895999999966,-0.00478093966347798,20.1646398559635,-0.00284531317394886,-1.25291270646144
0.979000000000001,1.73627999999966,-0.00457719354847669,20.1571006691621,-0.0027045034753468,-1.19628873711322
0.980000000000001,1.65359999999966,-0.00437227906128779,20.1495667742496,-0.00256482401340119,-1.13963694370507
0.981000000000001,1.57091999999966,-0.00416617995949853,20.1420381735982,-0.00242627048191045,-1.08295694525668
0.982000000000001,1.48823999999966,-0.00395887973239339,20.1345148696135,-0.00228883836727243,-1.02624835764861
0.983000000000001,1.40555999999966,-0.00375036159402764,20.126996864736,-0.00215252293814869,-0.969510793555963
0.984000000000001,1.32287999999966,-0.00354060847561155,20.1194841614421,-0.00201731923478132,-0.912743862378216
0.985000000000001,1.24019999999966,-0.00332960301790614,20.1119767622451,-0.0018832220577133,-0.855947170166004
0.986000000000001,1.15751999999966,-0.00311732756318206,20.1044746696966,-0.0017502259558304,-0.799120319546725
0.987000000000001,1.07483999999966,-0.0029037641468605,20.0969778863876,-0.00161832521390902,-0.742262909645518
0.988000000000001,0.992159999999662,-0.00268889448899157,20.0894864149499,-0.0014875138395077,-0.685374536005671
0.989000000000001,0.909479999999662,-0.00247269998510813,20.0820002580577,-0.00135778554900142,-0.628454790502668
0.990000000000001,0.826799999999662,-0.00225516169691764,20.0745194184291,-0.00122913375308731,-0.571503261258083
0.991000000000001,0.744119999999662,-0.00203626034256399,20.0670438988275,-0.00110155154147008,-0.51451953254859
0.992000000000001,0.661439999999662,-0.00181597628652802,20.0595737020638,-0.000975031666619019,-0.457503184711133
0.993000000000001,0.578759999999662,-0.00159428952888646,20.0521088309979,-0.000849566526774485,-0.40045379404532
0.994000000000001,0.496079999999662,-0.00137117969438144,20.0446492885407,-0.000725148147946456,-0.343370932710484
0.995000000000001,0.413399999999662,-0.00114662602090837,20.0371950776566,-0.000601768165075642,-0.286254168620506
0.996000000000001,0.330719999999662,-0.000920607347468183,20.0297462013652,-0.000479417801991242,-0.229103065332534
0.997000000000001,0.248039999999662,-0.000693102101570031,20.0223026627441,-0.000358087850339994,-0.171917181931686
0.998000000000001,0.165359999999662,-0.00046408828620792,20.0148644649313,-0.00023776864739829,-0.114696072911422
0.999000000000001,0.0826799999996619,-0.000233543465994746,20.0074316111277,-0.000118450052573174,-0.0574392880477023
